"Step","Simple permutation (window: 7, stride:11) - Validation Accuracy","Simple permutation (window: 7, stride:11) - Validation Accuracy__MIN","Simple permutation (window: 7, stride:11) - Validation Accuracy__MAX"
"1","0.5375722543352601","0.5375722543352601","0.5375722543352601"
"3","0.5260115606936416","0.5260115606936416","0.5260115606936416"
"5","0.5375722543352601","0.5375722543352601","0.5375722543352601"
"7","0.5028901734104047","0.5028901734104047","0.5028901734104047"
"9","0.49710982658959535","0.49710982658959535","0.49710982658959535"
"11","0.4797687861271676","0.4797687861271676","0.4797687861271676"
"13","0.4624277456647399","0.4624277456647399","0.4624277456647399"
"15","0.4277456647398844","0.4277456647398844","0.4277456647398844"
"17","0.41040462427745666","0.41040462427745666","0.41040462427745666"
"19","0.4161849710982659","0.4161849710982659","0.4161849710982659"
"21","0.41040462427745666","0.41040462427745666","0.41040462427745666"
"23","0.41040462427745666","0.41040462427745666","0.41040462427745666"
"25","0.4277456647398844","0.4277456647398844","0.4277456647398844"
"27","0.42196531791907516","0.42196531791907516","0.42196531791907516"
"29","0.42196531791907516","0.42196531791907516","0.42196531791907516"
"31","0.4277456647398844","0.4277456647398844","0.4277456647398844"
"33","0.4161849710982659","0.4161849710982659","0.4161849710982659"
"35","0.43352601156069365","0.43352601156069365","0.43352601156069365"
"37","0.42196531791907516","0.42196531791907516","0.42196531791907516"
"39","0.43352601156069365","0.43352601156069365","0.43352601156069365"
"41","0.4277456647398844","0.4277456647398844","0.4277456647398844"
"43","0.43352601156069365","0.43352601156069365","0.43352601156069365"
"45","0.43352601156069365","0.43352601156069365","0.43352601156069365"
"47","0.44508670520231214","0.44508670520231214","0.44508670520231214"
"49","0.43352601156069365","0.43352601156069365","0.43352601156069365"
"51","0.44508670520231214","0.44508670520231214","0.44508670520231214"
"53","0.4393063583815029","0.4393063583815029","0.4393063583815029"
"55","0.4393063583815029","0.4393063583815029","0.4393063583815029"
"57","0.44508670520231214","0.44508670520231214","0.44508670520231214"
"59","0.44508670520231214","0.44508670520231214","0.44508670520231214"
"61","0.4393063583815029","0.4393063583815029","0.4393063583815029"
"63","0.4508670520231214","0.4508670520231214","0.4508670520231214"
"65","0.4624277456647399","0.4624277456647399","0.4624277456647399"
"67","0.45664739884393063","0.45664739884393063","0.45664739884393063"
"69","0.4624277456647399","0.4624277456647399","0.4624277456647399"
"71","0.4624277456647399","0.4624277456647399","0.4624277456647399"
"73","0.45664739884393063","0.45664739884393063","0.45664739884393063"
"75","0.4624277456647399","0.4624277456647399","0.4624277456647399"
"77","0.4624277456647399","0.4624277456647399","0.4624277456647399"
"79","0.4682080924855491","0.4682080924855491","0.4682080924855491"
"81","0.47398843930635837","0.47398843930635837","0.47398843930635837"
"83","0.4797687861271676","0.4797687861271676","0.4797687861271676"
"85","0.47398843930635837","0.47398843930635837","0.47398843930635837"
"87","0.4797687861271676","0.4797687861271676","0.4797687861271676"
"89","0.47398843930635837","0.47398843930635837","0.47398843930635837"
"91","0.48554913294797686","0.48554913294797686","0.48554913294797686"
"93","0.48554913294797686","0.48554913294797686","0.48554913294797686"
"95","0.48554913294797686","0.48554913294797686","0.48554913294797686"
"97","0.4913294797687861","0.4913294797687861","0.4913294797687861"
"99","0.4797687861271676","0.4797687861271676","0.4797687861271676"
"101","0.4797687861271676","0.4797687861271676","0.4797687861271676"
"103","0.4797687861271676","0.4797687861271676","0.4797687861271676"
"105","0.49710982658959535","0.49710982658959535","0.49710982658959535"
"107","0.48554913294797686","0.48554913294797686","0.48554913294797686"
"109","0.49710982658959535","0.49710982658959535","0.49710982658959535"
"111","0.48554913294797686","0.48554913294797686","0.48554913294797686"
"113","0.4797687861271676","0.4797687861271676","0.4797687861271676"
"115","0.4913294797687861","0.4913294797687861","0.4913294797687861"
"117","0.5028901734104047","0.5028901734104047","0.5028901734104047"
"119","0.49710982658959535","0.49710982658959535","0.49710982658959535"
"121","0.4913294797687861","0.4913294797687861","0.4913294797687861"
"123","0.5202312138728323","0.5202312138728323","0.5202312138728323"
"125","0.5202312138728323","0.5202312138728323","0.5202312138728323"
"127","0.5086705202312138","0.5086705202312138","0.5086705202312138"
"129","0.5202312138728323","0.5202312138728323","0.5202312138728323"
"131","0.5144508670520231","0.5144508670520231","0.5144508670520231"
"133","0.5202312138728323","0.5202312138728323","0.5202312138728323"
"135","0.5202312138728323","0.5202312138728323","0.5202312138728323"
"137","0.5260115606936416","0.5260115606936416","0.5260115606936416"
"139","0.5144508670520231","0.5144508670520231","0.5144508670520231"
"141","0.5317919075144508","0.5317919075144508","0.5317919075144508"
"143","0.5202312138728323","0.5202312138728323","0.5202312138728323"
"145","0.5375722543352601","0.5375722543352601","0.5375722543352601"
"147","0.5260115606936416","0.5260115606936416","0.5260115606936416"
"149","0.5375722543352601","0.5375722543352601","0.5375722543352601"
"151","0.5317919075144508","0.5317919075144508","0.5317919075144508"
"153","0.5317919075144508","0.5317919075144508","0.5317919075144508"
"155","0.5491329479768786","0.5491329479768786","0.5491329479768786"
"157","0.5549132947976878","0.5549132947976878","0.5549132947976878"
"159","0.5491329479768786","0.5491329479768786","0.5491329479768786"
"161","0.5317919075144508","0.5317919075144508","0.5317919075144508"
"163","0.5317919075144508","0.5317919075144508","0.5317919075144508"
"165","0.5317919075144508","0.5317919075144508","0.5317919075144508"
"167","0.5260115606936416","0.5260115606936416","0.5260115606936416"
"169","0.5491329479768786","0.5491329479768786","0.5491329479768786"
"171","0.5375722543352601","0.5375722543352601","0.5375722543352601"
"173","0.5144508670520231","0.5144508670520231","0.5144508670520231"
"175","0.5260115606936416","0.5260115606936416","0.5260115606936416"
"177","0.5260115606936416","0.5260115606936416","0.5260115606936416"
"179","0.5549132947976878","0.5549132947976878","0.5549132947976878"
"181","0.5375722543352601","0.5375722543352601","0.5375722543352601"
"183","0.5260115606936416","0.5260115606936416","0.5260115606936416"
"185","0.5260115606936416","0.5260115606936416","0.5260115606936416"
"187","0.5086705202312138","0.5086705202312138","0.5086705202312138"
"189","0.5375722543352601","0.5375722543352601","0.5375722543352601"
"191","0.5144508670520231","0.5144508670520231","0.5144508670520231"
"193","0.5086705202312138","0.5086705202312138","0.5086705202312138"
"195","0.5086705202312138","0.5086705202312138","0.5086705202312138"
"197","0.5028901734104047","0.5028901734104047","0.5028901734104047"
"199","0.5086705202312138","0.5086705202312138","0.5086705202312138"
"201","0.5202312138728323","0.5202312138728323","0.5202312138728323"
"203","0.5086705202312138","0.5086705202312138","0.5086705202312138"
"205","0.5202312138728323","0.5202312138728323","0.5202312138728323"
"207","0.5086705202312138","0.5086705202312138","0.5086705202312138"
"209","0.5028901734104047","0.5028901734104047","0.5028901734104047"
"211","0.5028901734104047","0.5028901734104047","0.5028901734104047"
"213","0.5317919075144508","0.5317919075144508","0.5317919075144508"
"215","0.5260115606936416","0.5260115606936416","0.5260115606936416"
"217","0.5086705202312138","0.5086705202312138","0.5086705202312138"
"219","0.5202312138728323","0.5202312138728323","0.5202312138728323"
"221","0.5260115606936416","0.5260115606936416","0.5260115606936416"
"223","0.5375722543352601","0.5375722543352601","0.5375722543352601"
"225","0.5375722543352601","0.5375722543352601","0.5375722543352601"
"227","0.5144508670520231","0.5144508670520231","0.5144508670520231"
"229","0.5144508670520231","0.5144508670520231","0.5144508670520231"
"231","0.5144508670520231","0.5144508670520231","0.5144508670520231"
"233","0.5202312138728323","0.5202312138728323","0.5202312138728323"
"235","0.5144508670520231","0.5144508670520231","0.5144508670520231"
"237","0.5144508670520231","0.5144508670520231","0.5144508670520231"
"239","0.5144508670520231","0.5144508670520231","0.5144508670520231"
"241","0.5202312138728323","0.5202312138728323","0.5202312138728323"
"243","0.5144508670520231","0.5144508670520231","0.5144508670520231"
"245","0.5260115606936416","0.5260115606936416","0.5260115606936416"
"247","0.5202312138728323","0.5202312138728323","0.5202312138728323"
"249","0.5202312138728323","0.5202312138728323","0.5202312138728323"
"251","0.5491329479768786","0.5491329479768786","0.5491329479768786"
"253","0.5433526011560693","0.5433526011560693","0.5433526011560693"
"255","0.5433526011560693","0.5433526011560693","0.5433526011560693"
"257","0.5144508670520231","0.5144508670520231","0.5144508670520231"
"259","0.5086705202312138","0.5086705202312138","0.5086705202312138"
"261","0.5144508670520231","0.5144508670520231","0.5144508670520231"
"263","0.5086705202312138","0.5086705202312138","0.5086705202312138"
"265","0.5491329479768786","0.5491329479768786","0.5491329479768786"
"267","0.5375722543352601","0.5375722543352601","0.5375722543352601"
"269","0.5433526011560693","0.5433526011560693","0.5433526011560693"
"271","0.5086705202312138","0.5086705202312138","0.5086705202312138"
"273","0.5086705202312138","0.5086705202312138","0.5086705202312138"
"275","0.5433526011560693","0.5433526011560693","0.5433526011560693"
"277","0.5491329479768786","0.5491329479768786","0.5491329479768786"
"279","0.5375722543352601","0.5375722543352601","0.5375722543352601"
"281","0.5375722543352601","0.5375722543352601","0.5375722543352601"
"283","0.5144508670520231","0.5144508670520231","0.5144508670520231"
"285","0.5375722543352601","0.5375722543352601","0.5375722543352601"
"287","0.5317919075144508","0.5317919075144508","0.5317919075144508"
"289","0.5491329479768786","0.5491329479768786","0.5491329479768786"
"291","0.5433526011560693","0.5433526011560693","0.5433526011560693"
"293","0.5433526011560693","0.5433526011560693","0.5433526011560693"
"295","0.5260115606936416","0.5260115606936416","0.5260115606936416"
"297","0.5144508670520231","0.5144508670520231","0.5144508670520231"
"299","0.5317919075144508","0.5317919075144508","0.5317919075144508"
"301","0.5317919075144508","0.5317919075144508","0.5317919075144508"
"303","0.5375722543352601","0.5375722543352601","0.5375722543352601"
"305","0.5491329479768786","0.5491329479768786","0.5491329479768786"
"307","0.5317919075144508","0.5317919075144508","0.5317919075144508"
"309","0.5549132947976878","0.5549132947976878","0.5549132947976878"
"311","0.5433526011560693","0.5433526011560693","0.5433526011560693"
"313","0.5433526011560693","0.5433526011560693","0.5433526011560693"
"315","0.5375722543352601","0.5375722543352601","0.5375722543352601"
"317","0.5433526011560693","0.5433526011560693","0.5433526011560693"
"319","0.5491329479768786","0.5491329479768786","0.5491329479768786"
"321","0.5317919075144508","0.5317919075144508","0.5317919075144508"
"323","0.5202312138728323","0.5202312138728323","0.5202312138728323"
"325","0.5375722543352601","0.5375722543352601","0.5375722543352601"
"327","0.5375722543352601","0.5375722543352601","0.5375722543352601"
"329","0.5317919075144508","0.5317919075144508","0.5317919075144508"
"331","0.5086705202312138","0.5086705202312138","0.5086705202312138"
"333","0.5317919075144508","0.5317919075144508","0.5317919075144508"
"335","0.5260115606936416","0.5260115606936416","0.5260115606936416"
"337","0.5433526011560693","0.5433526011560693","0.5433526011560693"
"339","0.5433526011560693","0.5433526011560693","0.5433526011560693"
"341","0.5317919075144508","0.5317919075144508","0.5317919075144508"
"343","0.5317919075144508","0.5317919075144508","0.5317919075144508"
"345","0.5317919075144508","0.5317919075144508","0.5317919075144508"
"347","0.5144508670520231","0.5144508670520231","0.5144508670520231"
"349","0.5144508670520231","0.5144508670520231","0.5144508670520231"
"351","0.5260115606936416","0.5260115606936416","0.5260115606936416"
"353","0.5375722543352601","0.5375722543352601","0.5375722543352601"
"355","0.5375722543352601","0.5375722543352601","0.5375722543352601"
"357","0.5317919075144508","0.5317919075144508","0.5317919075144508"
"359","0.5549132947976878","0.5549132947976878","0.5549132947976878"
"361","0.5606936416184971","0.5606936416184971","0.5606936416184971"
"363","0.5433526011560693","0.5433526011560693","0.5433526011560693"
"365","0.5317919075144508","0.5317919075144508","0.5317919075144508"
"367","0.5260115606936416","0.5260115606936416","0.5260115606936416"
"369","0.5202312138728323","0.5202312138728323","0.5202312138728323"
"371","0.5202312138728323","0.5202312138728323","0.5202312138728323"
"373","0.5433526011560693","0.5433526011560693","0.5433526011560693"
"375","0.5317919075144508","0.5317919075144508","0.5317919075144508"
"377","0.5260115606936416","0.5260115606936416","0.5260115606936416"
"379","0.5317919075144508","0.5317919075144508","0.5317919075144508"
"381","0.5375722543352601","0.5375722543352601","0.5375722543352601"
"383","0.5202312138728323","0.5202312138728323","0.5202312138728323"
"385","0.5317919075144508","0.5317919075144508","0.5317919075144508"
"387","0.5317919075144508","0.5317919075144508","0.5317919075144508"
"389","0.5433526011560693","0.5433526011560693","0.5433526011560693"
"391","0.5433526011560693","0.5433526011560693","0.5433526011560693"
"393","0.5433526011560693","0.5433526011560693","0.5433526011560693"
"395","0.5375722543352601","0.5375722543352601","0.5375722543352601"
"397","0.5433526011560693","0.5433526011560693","0.5433526011560693"
"399","0.5317919075144508","0.5317919075144508","0.5317919075144508"
"401","0.5260115606936416","0.5260115606936416","0.5260115606936416"
"403","0.5433526011560693","0.5433526011560693","0.5433526011560693"
"405","0.5375722543352601","0.5375722543352601","0.5375722543352601"
"407","0.5375722543352601","0.5375722543352601","0.5375722543352601"
"409","0.5375722543352601","0.5375722543352601","0.5375722543352601"
"411","0.5375722543352601","0.5375722543352601","0.5375722543352601"
"413","0.5433526011560693","0.5433526011560693","0.5433526011560693"
"415","0.5375722543352601","0.5375722543352601","0.5375722543352601"
"417","0.5375722543352601","0.5375722543352601","0.5375722543352601"
"419","0.5375722543352601","0.5375722543352601","0.5375722543352601"
"421","0.5144508670520231","0.5144508670520231","0.5144508670520231"
"423","0.5317919075144508","0.5317919075144508","0.5317919075144508"
"425","0.5491329479768786","0.5491329479768786","0.5491329479768786"
"427","0.5375722543352601","0.5375722543352601","0.5375722543352601"
"429","0.5433526011560693","0.5433526011560693","0.5433526011560693"
"431","0.5433526011560693","0.5433526011560693","0.5433526011560693"
"433","0.5491329479768786","0.5491329479768786","0.5491329479768786"
"435","0.5491329479768786","0.5491329479768786","0.5491329479768786"
"437","0.5491329479768786","0.5491329479768786","0.5491329479768786"
"439","0.5491329479768786","0.5491329479768786","0.5491329479768786"
"441","0.5491329479768786","0.5491329479768786","0.5491329479768786"
"443","0.5317919075144508","0.5317919075144508","0.5317919075144508"
"445","0.5433526011560693","0.5433526011560693","0.5433526011560693"
"447","0.5491329479768786","0.5491329479768786","0.5491329479768786"
"449","0.5433526011560693","0.5433526011560693","0.5433526011560693"
"451","0.5549132947976878","0.5549132947976878","0.5549132947976878"
"453","0.5433526011560693","0.5433526011560693","0.5433526011560693"
"455","0.5491329479768786","0.5491329479768786","0.5491329479768786"
"457","0.5491329479768786","0.5491329479768786","0.5491329479768786"
"459","0.5491329479768786","0.5491329479768786","0.5491329479768786"
"461","0.5491329479768786","0.5491329479768786","0.5491329479768786"
"463","0.5433526011560693","0.5433526011560693","0.5433526011560693"
"465","0.5491329479768786","0.5491329479768786","0.5491329479768786"
"467","0.5433526011560693","0.5433526011560693","0.5433526011560693"
"469","0.5433526011560693","0.5433526011560693","0.5433526011560693"
"471","0.5375722543352601","0.5375722543352601","0.5375722543352601"
"473","0.5491329479768786","0.5491329479768786","0.5491329479768786"
"475","0.5433526011560693","0.5433526011560693","0.5433526011560693"
"477","0.5606936416184971","0.5606936416184971","0.5606936416184971"
"479","0.5664739884393064","0.5664739884393064","0.5664739884393064"
"481","0.5606936416184971","0.5606936416184971","0.5606936416184971"
"483","0.5433526011560693","0.5433526011560693","0.5433526011560693"
"485","0.5606936416184971","0.5606936416184971","0.5606936416184971"
"487","0.5664739884393064","0.5664739884393064","0.5664739884393064"
"489","0.5664739884393064","0.5664739884393064","0.5664739884393064"
"491","0.5664739884393064","0.5664739884393064","0.5664739884393064"
"493","0.5433526011560693","0.5433526011560693","0.5433526011560693"
"495","0.5664739884393064","0.5664739884393064","0.5664739884393064"
"497","0.5491329479768786","0.5491329479768786","0.5491329479768786"
"499","0.5433526011560693","0.5433526011560693","0.5433526011560693"
"501","0.5606936416184971","0.5606936416184971","0.5606936416184971"
"503","0.5433526011560693","0.5433526011560693","0.5433526011560693"
"505","0.5549132947976878","0.5549132947976878","0.5549132947976878"
"507","0.5606936416184971","0.5606936416184971","0.5606936416184971"
"509","0.5375722543352601","0.5375722543352601","0.5375722543352601"
"511","0.5317919075144508","0.5317919075144508","0.5317919075144508"
"513","0.5549132947976878","0.5549132947976878","0.5549132947976878"
"515","0.5606936416184971","0.5606936416184971","0.5606936416184971"
"517","0.5375722543352601","0.5375722543352601","0.5375722543352601"
"519","0.5549132947976878","0.5549132947976878","0.5549132947976878"
"521","0.5317919075144508","0.5317919075144508","0.5317919075144508"
"523","0.5433526011560693","0.5433526011560693","0.5433526011560693"
"525","0.5491329479768786","0.5491329479768786","0.5491329479768786"
"527","0.5549132947976878","0.5549132947976878","0.5549132947976878"
"529","0.5549132947976878","0.5549132947976878","0.5549132947976878"
"531","0.5549132947976878","0.5549132947976878","0.5549132947976878"
"533","0.5549132947976878","0.5549132947976878","0.5549132947976878"
"535","0.5491329479768786","0.5491329479768786","0.5491329479768786"
"537","0.5549132947976878","0.5549132947976878","0.5549132947976878"
"539","0.5491329479768786","0.5491329479768786","0.5491329479768786"
"541","0.5549132947976878","0.5549132947976878","0.5549132947976878"
"543","0.5549132947976878","0.5549132947976878","0.5549132947976878"
"545","0.5491329479768786","0.5491329479768786","0.5491329479768786"
"547","0.5606936416184971","0.5606936416184971","0.5606936416184971"
"549","0.5606936416184971","0.5606936416184971","0.5606936416184971"
"551","0.5606936416184971","0.5606936416184971","0.5606936416184971"
"553","0.5549132947976878","0.5549132947976878","0.5549132947976878"
"555","0.5433526011560693","0.5433526011560693","0.5433526011560693"
"557","0.5606936416184971","0.5606936416184971","0.5606936416184971"
"559","0.5606936416184971","0.5606936416184971","0.5606936416184971"
"561","0.5491329479768786","0.5491329479768786","0.5491329479768786"
"563","0.5375722543352601","0.5375722543352601","0.5375722543352601"
"565","0.5549132947976878","0.5549132947976878","0.5549132947976878"
"567","0.5606936416184971","0.5606936416184971","0.5606936416184971"
"569","0.5491329479768786","0.5491329479768786","0.5491329479768786"
"571","0.5433526011560693","0.5433526011560693","0.5433526011560693"
"573","0.5433526011560693","0.5433526011560693","0.5433526011560693"
"575","0.5606936416184971","0.5606936416184971","0.5606936416184971"
"577","0.5491329479768786","0.5491329479768786","0.5491329479768786"
"579","0.5606936416184971","0.5606936416184971","0.5606936416184971"
"581","0.5606936416184971","0.5606936416184971","0.5606936416184971"
"583","0.5606936416184971","0.5606936416184971","0.5606936416184971"
"585","0.5606936416184971","0.5606936416184971","0.5606936416184971"
"587","0.5491329479768786","0.5491329479768786","0.5491329479768786"
"589","0.5549132947976878","0.5549132947976878","0.5549132947976878"
"591","0.5606936416184971","0.5606936416184971","0.5606936416184971"
"593","0.5606936416184971","0.5606936416184971","0.5606936416184971"
"595","0.5664739884393064","0.5664739884393064","0.5664739884393064"
"597","0.5549132947976878","0.5549132947976878","0.5549132947976878"
"599","0.5549132947976878","0.5549132947976878","0.5549132947976878"
"601","0.5606936416184971","0.5606936416184971","0.5606936416184971"
"603","0.5549132947976878","0.5549132947976878","0.5549132947976878"
"605","0.5606936416184971","0.5606936416184971","0.5606936416184971"
"607","0.5606936416184971","0.5606936416184971","0.5606936416184971"
"609","0.5549132947976878","0.5549132947976878","0.5549132947976878"
"611","0.5606936416184971","0.5606936416184971","0.5606936416184971"
"613","0.5606936416184971","0.5606936416184971","0.5606936416184971"
"615","0.5549132947976878","0.5549132947976878","0.5549132947976878"
"617","0.5549132947976878","0.5549132947976878","0.5549132947976878"
"619","0.5606936416184971","0.5606936416184971","0.5606936416184971"
"621","0.5549132947976878","0.5549132947976878","0.5549132947976878"
"623","0.5722543352601156","0.5722543352601156","0.5722543352601156"
"625","0.5549132947976878","0.5549132947976878","0.5549132947976878"
"627","0.5549132947976878","0.5549132947976878","0.5549132947976878"
"629","0.5549132947976878","0.5549132947976878","0.5549132947976878"
"631","0.5606936416184971","0.5606936416184971","0.5606936416184971"
"633","0.5606936416184971","0.5606936416184971","0.5606936416184971"
"635","0.5606936416184971","0.5606936416184971","0.5606936416184971"
"637","0.5549132947976878","0.5549132947976878","0.5549132947976878"
"639","0.5606936416184971","0.5606936416184971","0.5606936416184971"
"641","0.5606936416184971","0.5606936416184971","0.5606936416184971"
"643","0.5606936416184971","0.5606936416184971","0.5606936416184971"
"645","0.5606936416184971","0.5606936416184971","0.5606936416184971"
"647","0.5664739884393064","0.5664739884393064","0.5664739884393064"
"649","0.5664739884393064","0.5664739884393064","0.5664739884393064"
"651","0.5549132947976878","0.5549132947976878","0.5549132947976878"
"653","0.5606936416184971","0.5606936416184971","0.5606936416184971"
"655","0.5606936416184971","0.5606936416184971","0.5606936416184971"
"657","0.5664739884393064","0.5664739884393064","0.5664739884393064"
"659","0.5606936416184971","0.5606936416184971","0.5606936416184971"
"661","0.5664739884393064","0.5664739884393064","0.5664739884393064"
"663","0.5664739884393064","0.5664739884393064","0.5664739884393064"
"665","0.5664739884393064","0.5664739884393064","0.5664739884393064"
"667","0.5664739884393064","0.5664739884393064","0.5664739884393064"
"669","0.5664739884393064","0.5664739884393064","0.5664739884393064"
"671","0.5606936416184971","0.5606936416184971","0.5606936416184971"
"673","0.5722543352601156","0.5722543352601156","0.5722543352601156"
"675","0.5664739884393064","0.5664739884393064","0.5664739884393064"
"677","0.5664739884393064","0.5664739884393064","0.5664739884393064"
"679","0.5664739884393064","0.5664739884393064","0.5664739884393064"
"681","0.5664739884393064","0.5664739884393064","0.5664739884393064"
"683","0.5664739884393064","0.5664739884393064","0.5664739884393064"
"685","0.5664739884393064","0.5664739884393064","0.5664739884393064"
"687","0.5780346820809249","0.5780346820809249","0.5780346820809249"
"689","0.5664739884393064","0.5664739884393064","0.5664739884393064"
"691","0.5606936416184971","0.5606936416184971","0.5606936416184971"
"693","0.5606936416184971","0.5606936416184971","0.5606936416184971"
"695","0.5664739884393064","0.5664739884393064","0.5664739884393064"
"697","0.5664739884393064","0.5664739884393064","0.5664739884393064"
"699","0.5664739884393064","0.5664739884393064","0.5664739884393064"
"701","0.5664739884393064","0.5664739884393064","0.5664739884393064"
"703","0.5664739884393064","0.5664739884393064","0.5664739884393064"
"705","0.5664739884393064","0.5664739884393064","0.5664739884393064"
"707","0.5664739884393064","0.5664739884393064","0.5664739884393064"
"709","0.5664739884393064","0.5664739884393064","0.5664739884393064"
"711","0.5664739884393064","0.5664739884393064","0.5664739884393064"
"713","0.5664739884393064","0.5664739884393064","0.5664739884393064"
"715","0.5664739884393064","0.5664739884393064","0.5664739884393064"
"717","0.5722543352601156","0.5722543352601156","0.5722543352601156"
"719","0.5722543352601156","0.5722543352601156","0.5722543352601156"
"721","0.5722543352601156","0.5722543352601156","0.5722543352601156"
"723","0.5722543352601156","0.5722543352601156","0.5722543352601156"
"725","0.5664739884393064","0.5664739884393064","0.5664739884393064"
"727","0.5722543352601156","0.5722543352601156","0.5722543352601156"
"729","0.5722543352601156","0.5722543352601156","0.5722543352601156"
"731","0.5606936416184971","0.5606936416184971","0.5606936416184971"
"733","0.5606936416184971","0.5606936416184971","0.5606936416184971"
"735","0.5664739884393064","0.5664739884393064","0.5664739884393064"
"737","0.5606936416184971","0.5606936416184971","0.5606936416184971"
"739","0.5664739884393064","0.5664739884393064","0.5664739884393064"
"741","0.5722543352601156","0.5722543352601156","0.5722543352601156"
"743","0.5664739884393064","0.5664739884393064","0.5664739884393064"
"745","0.5664739884393064","0.5664739884393064","0.5664739884393064"
"747","0.5664739884393064","0.5664739884393064","0.5664739884393064"
"749","0.5722543352601156","0.5722543352601156","0.5722543352601156"
"751","0.5664739884393064","0.5664739884393064","0.5664739884393064"
"753","0.5664739884393064","0.5664739884393064","0.5664739884393064"
"755","0.5722543352601156","0.5722543352601156","0.5722543352601156"
"757","0.5664739884393064","0.5664739884393064","0.5664739884393064"
"759","0.5780346820809249","0.5780346820809249","0.5780346820809249"
"761","0.5780346820809249","0.5780346820809249","0.5780346820809249"
"763","0.5722543352601156","0.5722543352601156","0.5722543352601156"
"765","0.5664739884393064","0.5664739884393064","0.5664739884393064"
"767","0.5664739884393064","0.5664739884393064","0.5664739884393064"
"769","0.5722543352601156","0.5722543352601156","0.5722543352601156"
"771","0.5722543352601156","0.5722543352601156","0.5722543352601156"
"773","0.5780346820809249","0.5780346820809249","0.5780346820809249"
"775","0.5722543352601156","0.5722543352601156","0.5722543352601156"
"777","0.5664739884393064","0.5664739884393064","0.5664739884393064"
"779","0.5664739884393064","0.5664739884393064","0.5664739884393064"
"781","0.5664739884393064","0.5664739884393064","0.5664739884393064"
"783","0.5664739884393064","0.5664739884393064","0.5664739884393064"
"785","0.5664739884393064","0.5664739884393064","0.5664739884393064"
"787","0.5780346820809249","0.5780346820809249","0.5780346820809249"
"789","0.5664739884393064","0.5664739884393064","0.5664739884393064"
"791","0.5664739884393064","0.5664739884393064","0.5664739884393064"
"793","0.5664739884393064","0.5664739884393064","0.5664739884393064"
"795","0.5780346820809249","0.5780346820809249","0.5780346820809249"
"797","0.5780346820809249","0.5780346820809249","0.5780346820809249"
"799","0.5780346820809249","0.5780346820809249","0.5780346820809249"
"801","0.5780346820809249","0.5780346820809249","0.5780346820809249"
"803","0.5664739884393064","0.5664739884393064","0.5664739884393064"
"805","0.5780346820809249","0.5780346820809249","0.5780346820809249"
"807","0.5722543352601156","0.5722543352601156","0.5722543352601156"
"809","0.5722543352601156","0.5722543352601156","0.5722543352601156"
"811","0.5722543352601156","0.5722543352601156","0.5722543352601156"
"813","0.5722543352601156","0.5722543352601156","0.5722543352601156"
"815","0.5780346820809249","0.5780346820809249","0.5780346820809249"
"817","0.5722543352601156","0.5722543352601156","0.5722543352601156"
"819","0.5780346820809249","0.5780346820809249","0.5780346820809249"
"821","0.5664739884393064","0.5664739884393064","0.5664739884393064"
"823","0.5780346820809249","0.5780346820809249","0.5780346820809249"
"825","0.5780346820809249","0.5780346820809249","0.5780346820809249"
"827","0.5780346820809249","0.5780346820809249","0.5780346820809249"
"829","0.5780346820809249","0.5780346820809249","0.5780346820809249"
"831","0.5722543352601156","0.5722543352601156","0.5722543352601156"
"833","0.5722543352601156","0.5722543352601156","0.5722543352601156"
"835","0.5780346820809249","0.5780346820809249","0.5780346820809249"
"837","0.5780346820809249","0.5780346820809249","0.5780346820809249"
"839","0.5664739884393064","0.5664739884393064","0.5664739884393064"
"841","0.5664739884393064","0.5664739884393064","0.5664739884393064"
"843","0.5722543352601156","0.5722543352601156","0.5722543352601156"
"845","0.5722543352601156","0.5722543352601156","0.5722543352601156"
"847","0.5722543352601156","0.5722543352601156","0.5722543352601156"
"849","0.5780346820809249","0.5780346820809249","0.5780346820809249"
"851","0.5722543352601156","0.5722543352601156","0.5722543352601156"
"853","0.5780346820809249","0.5780346820809249","0.5780346820809249"
"855","0.5722543352601156","0.5722543352601156","0.5722543352601156"
"857","0.5722543352601156","0.5722543352601156","0.5722543352601156"
"859","0.5838150289017341","0.5838150289017341","0.5838150289017341"
"861","0.5838150289017341","0.5838150289017341","0.5838150289017341"
"863","0.5780346820809249","0.5780346820809249","0.5780346820809249"
"865","0.5780346820809249","0.5780346820809249","0.5780346820809249"
"867","0.5780346820809249","0.5780346820809249","0.5780346820809249"
"869","0.5838150289017341","0.5838150289017341","0.5838150289017341"
"871","0.5722543352601156","0.5722543352601156","0.5722543352601156"
"873","0.5838150289017341","0.5838150289017341","0.5838150289017341"
"875","0.5838150289017341","0.5838150289017341","0.5838150289017341"
"877","0.5780346820809249","0.5780346820809249","0.5780346820809249"
"879","0.5780346820809249","0.5780346820809249","0.5780346820809249"
"881","0.5780346820809249","0.5780346820809249","0.5780346820809249"
"883","0.5722543352601156","0.5722543352601156","0.5722543352601156"
"885","0.5780346820809249","0.5780346820809249","0.5780346820809249"
"887","0.5838150289017341","0.5838150289017341","0.5838150289017341"
"889","0.5780346820809249","0.5780346820809249","0.5780346820809249"
"891","0.5838150289017341","0.5838150289017341","0.5838150289017341"
"893","0.5838150289017341","0.5838150289017341","0.5838150289017341"
"895","0.5838150289017341","0.5838150289017341","0.5838150289017341"
"897","0.5838150289017341","0.5838150289017341","0.5838150289017341"
"899","0.5780346820809249","0.5780346820809249","0.5780346820809249"
"901","0.5780346820809249","0.5780346820809249","0.5780346820809249"
"903","0.5780346820809249","0.5780346820809249","0.5780346820809249"
"905","0.5838150289017341","0.5838150289017341","0.5838150289017341"
"907","0.5722543352601156","0.5722543352601156","0.5722543352601156"
"909","0.5838150289017341","0.5838150289017341","0.5838150289017341"
"911","0.5838150289017341","0.5838150289017341","0.5838150289017341"
"913","0.5838150289017341","0.5838150289017341","0.5838150289017341"
"915","0.5838150289017341","0.5838150289017341","0.5838150289017341"
"917","0.5664739884393064","0.5664739884393064","0.5664739884393064"
"919","0.5838150289017341","0.5838150289017341","0.5838150289017341"
"921","0.5838150289017341","0.5838150289017341","0.5838150289017341"
"923","0.5838150289017341","0.5838150289017341","0.5838150289017341"
"925","0.5722543352601156","0.5722543352601156","0.5722543352601156"
"927","0.5838150289017341","0.5838150289017341","0.5838150289017341"
"929","0.5838150289017341","0.5838150289017341","0.5838150289017341"
"931","0.5780346820809249","0.5780346820809249","0.5780346820809249"
"933","0.5838150289017341","0.5838150289017341","0.5838150289017341"
"935","0.5838150289017341","0.5838150289017341","0.5838150289017341"
"937","0.5722543352601156","0.5722543352601156","0.5722543352601156"
"939","0.5780346820809249","0.5780346820809249","0.5780346820809249"
"941","0.5780346820809249","0.5780346820809249","0.5780346820809249"
"943","0.5838150289017341","0.5838150289017341","0.5838150289017341"
"945","0.5838150289017341","0.5838150289017341","0.5838150289017341"
"947","0.5838150289017341","0.5838150289017341","0.5838150289017341"
"949","0.5780346820809249","0.5780346820809249","0.5780346820809249"
"951","0.5780346820809249","0.5780346820809249","0.5780346820809249"
"953","0.5780346820809249","0.5780346820809249","0.5780346820809249"
"955","0.5838150289017341","0.5838150289017341","0.5838150289017341"
"957","0.5838150289017341","0.5838150289017341","0.5838150289017341"
"959","0.5780346820809249","0.5780346820809249","0.5780346820809249"
"961","0.5780346820809249","0.5780346820809249","0.5780346820809249"
"963","0.5780346820809249","0.5780346820809249","0.5780346820809249"
"965","0.5838150289017341","0.5838150289017341","0.5838150289017341"
"967","0.5780346820809249","0.5780346820809249","0.5780346820809249"
"969","0.5780346820809249","0.5780346820809249","0.5780346820809249"
"971","0.5780346820809249","0.5780346820809249","0.5780346820809249"
"973","0.5780346820809249","0.5780346820809249","0.5780346820809249"
"975","0.5722543352601156","0.5722543352601156","0.5722543352601156"
"977","0.5780346820809249","0.5780346820809249","0.5780346820809249"
"979","0.5780346820809249","0.5780346820809249","0.5780346820809249"
"981","0.5780346820809249","0.5780346820809249","0.5780346820809249"
"983","0.5780346820809249","0.5780346820809249","0.5780346820809249"
"985","0.5780346820809249","0.5780346820809249","0.5780346820809249"
"987","0.5780346820809249","0.5780346820809249","0.5780346820809249"
"989","0.5780346820809249","0.5780346820809249","0.5780346820809249"
"991","0.5780346820809249","0.5780346820809249","0.5780346820809249"
"993","0.5722543352601156","0.5722543352601156","0.5722543352601156"
"995","0.5722543352601156","0.5722543352601156","0.5722543352601156"
"997","0.5780346820809249","0.5780346820809249","0.5780346820809249"
"999","0.5780346820809249","0.5780346820809249","0.5780346820809249"
"1001","0.5780346820809249","0.5780346820809249","0.5780346820809249"
"1003","0.5780346820809249","0.5780346820809249","0.5780346820809249"
"1005","0.5780346820809249","0.5780346820809249","0.5780346820809249"
"1007","0.5780346820809249","0.5780346820809249","0.5780346820809249"
"1009","0.5780346820809249","0.5780346820809249","0.5780346820809249"
"1011","0.5780346820809249","0.5780346820809249","0.5780346820809249"
"1013","0.5780346820809249","0.5780346820809249","0.5780346820809249"
"1015","0.5780346820809249","0.5780346820809249","0.5780346820809249"
"1017","0.5780346820809249","0.5780346820809249","0.5780346820809249"
"1019","0.5780346820809249","0.5780346820809249","0.5780346820809249"
"1021","0.5780346820809249","0.5780346820809249","0.5780346820809249"
"1023","0.5780346820809249","0.5780346820809249","0.5780346820809249"
"1025","0.5780346820809249","0.5780346820809249","0.5780346820809249"
"1027","0.5780346820809249","0.5780346820809249","0.5780346820809249"
"1029","0.5780346820809249","0.5780346820809249","0.5780346820809249"
"1031","0.5780346820809249","0.5780346820809249","0.5780346820809249"
"1033","0.5780346820809249","0.5780346820809249","0.5780346820809249"
"1035","0.5722543352601156","0.5722543352601156","0.5722543352601156"
"1037","0.5780346820809249","0.5780346820809249","0.5780346820809249"
"1039","0.5780346820809249","0.5780346820809249","0.5780346820809249"
"1041","0.5780346820809249","0.5780346820809249","0.5780346820809249"
"1043","0.5722543352601156","0.5722543352601156","0.5722543352601156"
"1045","0.5780346820809249","0.5780346820809249","0.5780346820809249"
"1047","0.5780346820809249","0.5780346820809249","0.5780346820809249"
"1049","0.5722543352601156","0.5722543352601156","0.5722543352601156"
"1051","0.5780346820809249","0.5780346820809249","0.5780346820809249"
"1053","0.5780346820809249","0.5780346820809249","0.5780346820809249"
"1055","0.5780346820809249","0.5780346820809249","0.5780346820809249"
"1057","0.5780346820809249","0.5780346820809249","0.5780346820809249"
"1059","0.5780346820809249","0.5780346820809249","0.5780346820809249"
"1061","0.5722543352601156","0.5722543352601156","0.5722543352601156"
"1063","0.5722543352601156","0.5722543352601156","0.5722543352601156"
"1065","0.5722543352601156","0.5722543352601156","0.5722543352601156"
"1067","0.5722543352601156","0.5722543352601156","0.5722543352601156"
"1069","0.5722543352601156","0.5722543352601156","0.5722543352601156"
"1071","0.5722543352601156","0.5722543352601156","0.5722543352601156"
"1073","0.5722543352601156","0.5722543352601156","0.5722543352601156"
"1075","0.5722543352601156","0.5722543352601156","0.5722543352601156"
"1077","0.5722543352601156","0.5722543352601156","0.5722543352601156"
"1079","0.5722543352601156","0.5722543352601156","0.5722543352601156"
"1081","0.5722543352601156","0.5722543352601156","0.5722543352601156"
"1083","0.5722543352601156","0.5722543352601156","0.5722543352601156"
"1085","0.5780346820809249","0.5780346820809249","0.5780346820809249"
"1087","0.5722543352601156","0.5722543352601156","0.5722543352601156"
"1089","0.5722543352601156","0.5722543352601156","0.5722543352601156"
"1091","0.5722543352601156","0.5722543352601156","0.5722543352601156"
"1093","0.5722543352601156","0.5722543352601156","0.5722543352601156"
"1095","0.5722543352601156","0.5722543352601156","0.5722543352601156"
"1097","0.5722543352601156","0.5722543352601156","0.5722543352601156"
"1099","0.5722543352601156","0.5722543352601156","0.5722543352601156"
"1101","0.5722543352601156","0.5722543352601156","0.5722543352601156"
"1103","0.5722543352601156","0.5722543352601156","0.5722543352601156"
"1105","0.5722543352601156","0.5722543352601156","0.5722543352601156"
"1107","0.5722543352601156","0.5722543352601156","0.5722543352601156"
"1109","0.5722543352601156","0.5722543352601156","0.5722543352601156"
"1111","0.5722543352601156","0.5722543352601156","0.5722543352601156"
"1113","0.5722543352601156","0.5722543352601156","0.5722543352601156"
"1115","0.5722543352601156","0.5722543352601156","0.5722543352601156"
"1117","0.5722543352601156","0.5722543352601156","0.5722543352601156"
"1119","0.5722543352601156","0.5722543352601156","0.5722543352601156"
"1121","0.5722543352601156","0.5722543352601156","0.5722543352601156"
"1123","0.5722543352601156","0.5722543352601156","0.5722543352601156"
"1125","0.5722543352601156","0.5722543352601156","0.5722543352601156"
"1127","0.5722543352601156","0.5722543352601156","0.5722543352601156"
"1129","0.5722543352601156","0.5722543352601156","0.5722543352601156"
"1131","0.5722543352601156","0.5722543352601156","0.5722543352601156"
"1133","0.5722543352601156","0.5722543352601156","0.5722543352601156"
"1135","0.5722543352601156","0.5722543352601156","0.5722543352601156"
"1137","0.5722543352601156","0.5722543352601156","0.5722543352601156"
"1139","0.5722543352601156","0.5722543352601156","0.5722543352601156"
"1141","0.5722543352601156","0.5722543352601156","0.5722543352601156"
"1143","0.5722543352601156","0.5722543352601156","0.5722543352601156"
"1145","0.5722543352601156","0.5722543352601156","0.5722543352601156"
"1147","0.5722543352601156","0.5722543352601156","0.5722543352601156"
"1149","0.5722543352601156","0.5722543352601156","0.5722543352601156"
"1151","0.5722543352601156","0.5722543352601156","0.5722543352601156"
"1153","0.5722543352601156","0.5722543352601156","0.5722543352601156"
"1155","0.5722543352601156","0.5722543352601156","0.5722543352601156"
"1157","0.5722543352601156","0.5722543352601156","0.5722543352601156"
"1159","0.5722543352601156","0.5722543352601156","0.5722543352601156"
"1161","0.5722543352601156","0.5722543352601156","0.5722543352601156"
"1163","0.5722543352601156","0.5722543352601156","0.5722543352601156"
"1165","0.5722543352601156","0.5722543352601156","0.5722543352601156"
"1167","0.5722543352601156","0.5722543352601156","0.5722543352601156"
"1169","0.5722543352601156","0.5722543352601156","0.5722543352601156"
"1171","0.5722543352601156","0.5722543352601156","0.5722543352601156"
"1173","0.5722543352601156","0.5722543352601156","0.5722543352601156"
"1175","0.5722543352601156","0.5722543352601156","0.5722543352601156"
"1177","0.5722543352601156","0.5722543352601156","0.5722543352601156"
"1179","0.5722543352601156","0.5722543352601156","0.5722543352601156"
"1181","0.5722543352601156","0.5722543352601156","0.5722543352601156"
"1183","0.5722543352601156","0.5722543352601156","0.5722543352601156"
"1185","0.5722543352601156","0.5722543352601156","0.5722543352601156"
"1187","0.5722543352601156","0.5722543352601156","0.5722543352601156"
"1189","0.5722543352601156","0.5722543352601156","0.5722543352601156"
"1191","0.5722543352601156","0.5722543352601156","0.5722543352601156"
"1193","0.5722543352601156","0.5722543352601156","0.5722543352601156"
"1195","0.5780346820809249","0.5780346820809249","0.5780346820809249"
"1197","0.5722543352601156","0.5722543352601156","0.5722543352601156"
"1199","0.5722543352601156","0.5722543352601156","0.5722543352601156"
"1201","0.5722543352601156","0.5722543352601156","0.5722543352601156"
"1203","0.5722543352601156","0.5722543352601156","0.5722543352601156"
"1205","0.5722543352601156","0.5722543352601156","0.5722543352601156"
"1207","0.5722543352601156","0.5722543352601156","0.5722543352601156"
"1209","0.5722543352601156","0.5722543352601156","0.5722543352601156"
"1211","0.5722543352601156","0.5722543352601156","0.5722543352601156"
"1213","0.5722543352601156","0.5722543352601156","0.5722543352601156"
"1215","0.5722543352601156","0.5722543352601156","0.5722543352601156"
"1217","0.5722543352601156","0.5722543352601156","0.5722543352601156"
"1219","0.5722543352601156","0.5722543352601156","0.5722543352601156"
"1221","0.5780346820809249","0.5780346820809249","0.5780346820809249"
"1223","0.5722543352601156","0.5722543352601156","0.5722543352601156"
"1225","0.5722543352601156","0.5722543352601156","0.5722543352601156"
"1227","0.5722543352601156","0.5722543352601156","0.5722543352601156"
"1229","0.5722543352601156","0.5722543352601156","0.5722543352601156"
"1231","0.5722543352601156","0.5722543352601156","0.5722543352601156"
"1233","0.5722543352601156","0.5722543352601156","0.5722543352601156"
"1235","0.5722543352601156","0.5722543352601156","0.5722543352601156"
"1237","0.5722543352601156","0.5722543352601156","0.5722543352601156"
"1239","0.5722543352601156","0.5722543352601156","0.5722543352601156"
"1241","0.5722543352601156","0.5722543352601156","0.5722543352601156"
"1243","0.5722543352601156","0.5722543352601156","0.5722543352601156"
"1245","0.5722543352601156","0.5722543352601156","0.5722543352601156"
"1247","0.5780346820809249","0.5780346820809249","0.5780346820809249"
"1249","0.5722543352601156","0.5722543352601156","0.5722543352601156"
"1251","0.5722543352601156","0.5722543352601156","0.5722543352601156"
"1253","0.5780346820809249","0.5780346820809249","0.5780346820809249"
"1255","0.5722543352601156","0.5722543352601156","0.5722543352601156"
"1257","0.5722543352601156","0.5722543352601156","0.5722543352601156"
"1259","0.5722543352601156","0.5722543352601156","0.5722543352601156"
"1261","0.5722543352601156","0.5722543352601156","0.5722543352601156"
"1263","0.5780346820809249","0.5780346820809249","0.5780346820809249"
"1265","0.5722543352601156","0.5722543352601156","0.5722543352601156"
"1267","0.5780346820809249","0.5780346820809249","0.5780346820809249"
"1269","0.5780346820809249","0.5780346820809249","0.5780346820809249"
"1271","0.5780346820809249","0.5780346820809249","0.5780346820809249"
"1273","0.5780346820809249","0.5780346820809249","0.5780346820809249"
"1275","0.5780346820809249","0.5780346820809249","0.5780346820809249"
"1277","0.5722543352601156","0.5722543352601156","0.5722543352601156"
"1279","0.5722543352601156","0.5722543352601156","0.5722543352601156"
"1281","0.5722543352601156","0.5722543352601156","0.5722543352601156"
"1283","0.5780346820809249","0.5780346820809249","0.5780346820809249"
"1285","0.5780346820809249","0.5780346820809249","0.5780346820809249"
"1287","0.5780346820809249","0.5780346820809249","0.5780346820809249"
"1289","0.5722543352601156","0.5722543352601156","0.5722543352601156"
"1291","0.5722543352601156","0.5722543352601156","0.5722543352601156"
"1293","0.5722543352601156","0.5722543352601156","0.5722543352601156"
"1295","0.5722543352601156","0.5722543352601156","0.5722543352601156"
"1297","0.5722543352601156","0.5722543352601156","0.5722543352601156"
"1299","0.5722543352601156","0.5722543352601156","0.5722543352601156"
"1301","0.5722543352601156","0.5722543352601156","0.5722543352601156"
"1303","0.5780346820809249","0.5780346820809249","0.5780346820809249"
"1305","0.5780346820809249","0.5780346820809249","0.5780346820809249"
"1307","0.5780346820809249","0.5780346820809249","0.5780346820809249"
"1309","0.5722543352601156","0.5722543352601156","0.5722543352601156"
"1311","0.5722543352601156","0.5722543352601156","0.5722543352601156"
"1313","0.5722543352601156","0.5722543352601156","0.5722543352601156"
"1315","0.5722543352601156","0.5722543352601156","0.5722543352601156"
"1317","0.5722543352601156","0.5722543352601156","0.5722543352601156"
"1319","0.5780346820809249","0.5780346820809249","0.5780346820809249"
"1321","0.5780346820809249","0.5780346820809249","0.5780346820809249"
"1323","0.5780346820809249","0.5780346820809249","0.5780346820809249"
"1325","0.5722543352601156","0.5722543352601156","0.5722543352601156"
"1327","0.5722543352601156","0.5722543352601156","0.5722543352601156"
"1329","0.5722543352601156","0.5722543352601156","0.5722543352601156"
"1331","0.5722543352601156","0.5722543352601156","0.5722543352601156"
"1333","0.5722543352601156","0.5722543352601156","0.5722543352601156"
"1335","0.5722543352601156","0.5722543352601156","0.5722543352601156"
"1337","0.5722543352601156","0.5722543352601156","0.5722543352601156"
"1339","0.5722543352601156","0.5722543352601156","0.5722543352601156"
"1341","0.5722543352601156","0.5722543352601156","0.5722543352601156"
"1343","0.5722543352601156","0.5722543352601156","0.5722543352601156"
"1345","0.5722543352601156","0.5722543352601156","0.5722543352601156"
"1347","0.5780346820809249","0.5780346820809249","0.5780346820809249"
"1349","0.5780346820809249","0.5780346820809249","0.5780346820809249"
"1351","0.5722543352601156","0.5722543352601156","0.5722543352601156"
"1353","0.5722543352601156","0.5722543352601156","0.5722543352601156"
"1355","0.5780346820809249","0.5780346820809249","0.5780346820809249"
"1357","0.5780346820809249","0.5780346820809249","0.5780346820809249"
"1359","0.5722543352601156","0.5722543352601156","0.5722543352601156"
"1361","0.5780346820809249","0.5780346820809249","0.5780346820809249"
"1363","0.5664739884393064","0.5664739884393064","0.5664739884393064"
"1365","0.5780346820809249","0.5780346820809249","0.5780346820809249"
"1367","0.5722543352601156","0.5722543352601156","0.5722543352601156"
"1369","0.5780346820809249","0.5780346820809249","0.5780346820809249"
"1371","0.5780346820809249","0.5780346820809249","0.5780346820809249"
"1373","0.5780346820809249","0.5780346820809249","0.5780346820809249"
"1375","0.5780346820809249","0.5780346820809249","0.5780346820809249"
"1377","0.5722543352601156","0.5722543352601156","0.5722543352601156"
"1379","0.5780346820809249","0.5780346820809249","0.5780346820809249"
"1381","0.5780346820809249","0.5780346820809249","0.5780346820809249"
"1383","0.5780346820809249","0.5780346820809249","0.5780346820809249"
"1385","0.5780346820809249","0.5780346820809249","0.5780346820809249"
"1387","0.5780346820809249","0.5780346820809249","0.5780346820809249"
"1389","0.5780346820809249","0.5780346820809249","0.5780346820809249"
"1391","0.5780346820809249","0.5780346820809249","0.5780346820809249"
"1393","0.5780346820809249","0.5780346820809249","0.5780346820809249"
"1395","0.5780346820809249","0.5780346820809249","0.5780346820809249"
"1397","0.5780346820809249","0.5780346820809249","0.5780346820809249"
"1399","0.5780346820809249","0.5780346820809249","0.5780346820809249"
"1401","0.5780346820809249","0.5780346820809249","0.5780346820809249"
"1403","0.5780346820809249","0.5780346820809249","0.5780346820809249"
"1405","0.5780346820809249","0.5780346820809249","0.5780346820809249"
"1407","0.5780346820809249","0.5780346820809249","0.5780346820809249"
"1409","0.5780346820809249","0.5780346820809249","0.5780346820809249"
"1411","0.5780346820809249","0.5780346820809249","0.5780346820809249"
"1413","0.5780346820809249","0.5780346820809249","0.5780346820809249"
"1415","0.5780346820809249","0.5780346820809249","0.5780346820809249"
"1417","0.5780346820809249","0.5780346820809249","0.5780346820809249"
"1419","0.5780346820809249","0.5780346820809249","0.5780346820809249"
"1421","0.5780346820809249","0.5780346820809249","0.5780346820809249"
"1423","0.5780346820809249","0.5780346820809249","0.5780346820809249"
"1425","0.5780346820809249","0.5780346820809249","0.5780346820809249"
"1427","0.5780346820809249","0.5780346820809249","0.5780346820809249"
"1429","0.5780346820809249","0.5780346820809249","0.5780346820809249"
"1431","0.5780346820809249","0.5780346820809249","0.5780346820809249"
"1433","0.5780346820809249","0.5780346820809249","0.5780346820809249"
"1435","0.5780346820809249","0.5780346820809249","0.5780346820809249"
"1437","0.5780346820809249","0.5780346820809249","0.5780346820809249"
"1439","0.5780346820809249","0.5780346820809249","0.5780346820809249"
"1441","0.5780346820809249","0.5780346820809249","0.5780346820809249"
"1443","0.5780346820809249","0.5780346820809249","0.5780346820809249"
"1445","0.5780346820809249","0.5780346820809249","0.5780346820809249"
"1447","0.5780346820809249","0.5780346820809249","0.5780346820809249"
"1449","0.5780346820809249","0.5780346820809249","0.5780346820809249"
"1451","0.5780346820809249","0.5780346820809249","0.5780346820809249"
"1453","0.5780346820809249","0.5780346820809249","0.5780346820809249"
"1455","0.5780346820809249","0.5780346820809249","0.5780346820809249"
"1457","0.5722543352601156","0.5722543352601156","0.5722543352601156"
"1459","0.5722543352601156","0.5722543352601156","0.5722543352601156"
"1461","0.5722543352601156","0.5722543352601156","0.5722543352601156"
"1463","0.5722543352601156","0.5722543352601156","0.5722543352601156"
"1465","0.5780346820809249","0.5780346820809249","0.5780346820809249"
"1467","0.5722543352601156","0.5722543352601156","0.5722543352601156"
"1469","0.5722543352601156","0.5722543352601156","0.5722543352601156"
"1471","0.5780346820809249","0.5780346820809249","0.5780346820809249"
"1473","0.5722543352601156","0.5722543352601156","0.5722543352601156"
"1475","0.5722543352601156","0.5722543352601156","0.5722543352601156"
"1477","0.5722543352601156","0.5722543352601156","0.5722543352601156"
"1479","0.5722543352601156","0.5722543352601156","0.5722543352601156"
"1481","0.5722543352601156","0.5722543352601156","0.5722543352601156"
"1483","0.5722543352601156","0.5722543352601156","0.5722543352601156"
"1485","0.5722543352601156","0.5722543352601156","0.5722543352601156"
"1487","0.5722543352601156","0.5722543352601156","0.5722543352601156"
"1489","0.5722543352601156","0.5722543352601156","0.5722543352601156"
"1491","0.5722543352601156","0.5722543352601156","0.5722543352601156"
"1493","0.5722543352601156","0.5722543352601156","0.5722543352601156"
"1495","0.5722543352601156","0.5722543352601156","0.5722543352601156"
"1497","0.5722543352601156","0.5722543352601156","0.5722543352601156"
"1499","0.5722543352601156","0.5722543352601156","0.5722543352601156"
"1501","0.5722543352601156","0.5722543352601156","0.5722543352601156"
"1503","0.5722543352601156","0.5722543352601156","0.5722543352601156"
"1505","0.5722543352601156","0.5722543352601156","0.5722543352601156"
"1507","0.5722543352601156","0.5722543352601156","0.5722543352601156"
"1509","0.5722543352601156","0.5722543352601156","0.5722543352601156"
"1511","0.5722543352601156","0.5722543352601156","0.5722543352601156"
"1513","0.5722543352601156","0.5722543352601156","0.5722543352601156"
"1515","0.5722543352601156","0.5722543352601156","0.5722543352601156"
"1517","0.5722543352601156","0.5722543352601156","0.5722543352601156"
"1519","0.5722543352601156","0.5722543352601156","0.5722543352601156"
"1521","0.5722543352601156","0.5722543352601156","0.5722543352601156"
"1523","0.5722543352601156","0.5722543352601156","0.5722543352601156"
"1525","0.5722543352601156","0.5722543352601156","0.5722543352601156"
"1527","0.5722543352601156","0.5722543352601156","0.5722543352601156"
"1529","0.5780346820809249","0.5780346820809249","0.5780346820809249"
"1531","0.5722543352601156","0.5722543352601156","0.5722543352601156"
"1533","0.5722543352601156","0.5722543352601156","0.5722543352601156"
"1535","0.5722543352601156","0.5722543352601156","0.5722543352601156"
"1537","0.5722543352601156","0.5722543352601156","0.5722543352601156"
"1539","0.5722543352601156","0.5722543352601156","0.5722543352601156"
"1541","0.5722543352601156","0.5722543352601156","0.5722543352601156"
"1543","0.5722543352601156","0.5722543352601156","0.5722543352601156"
"1545","0.5722543352601156","0.5722543352601156","0.5722543352601156"
"1547","0.5722543352601156","0.5722543352601156","0.5722543352601156"
"1549","0.5722543352601156","0.5722543352601156","0.5722543352601156"
"1551","0.5722543352601156","0.5722543352601156","0.5722543352601156"
"1553","0.5722543352601156","0.5722543352601156","0.5722543352601156"
"1555","0.5722543352601156","0.5722543352601156","0.5722543352601156"
"1557","0.5722543352601156","0.5722543352601156","0.5722543352601156"
"1559","0.5722543352601156","0.5722543352601156","0.5722543352601156"
"1561","0.5722543352601156","0.5722543352601156","0.5722543352601156"
"1563","0.5722543352601156","0.5722543352601156","0.5722543352601156"
"1565","0.5722543352601156","0.5722543352601156","0.5722543352601156"
"1567","0.5722543352601156","0.5722543352601156","0.5722543352601156"
"1569","0.5722543352601156","0.5722543352601156","0.5722543352601156"
"1571","0.5722543352601156","0.5722543352601156","0.5722543352601156"
"1573","0.5722543352601156","0.5722543352601156","0.5722543352601156"
"1575","0.5722543352601156","0.5722543352601156","0.5722543352601156"
"1577","0.5722543352601156","0.5722543352601156","0.5722543352601156"
"1579","0.5722543352601156","0.5722543352601156","0.5722543352601156"
"1581","0.5722543352601156","0.5722543352601156","0.5722543352601156"
"1583","0.5722543352601156","0.5722543352601156","0.5722543352601156"
"1585","0.5722543352601156","0.5722543352601156","0.5722543352601156"
"1587","0.5722543352601156","0.5722543352601156","0.5722543352601156"
"1589","0.5722543352601156","0.5722543352601156","0.5722543352601156"
"1591","0.5722543352601156","0.5722543352601156","0.5722543352601156"
"1593","0.5722543352601156","0.5722543352601156","0.5722543352601156"
"1595","0.5722543352601156","0.5722543352601156","0.5722543352601156"
"1597","0.5722543352601156","0.5722543352601156","0.5722543352601156"
"1599","0.5722543352601156","0.5722543352601156","0.5722543352601156"
"1601","0.5722543352601156","0.5722543352601156","0.5722543352601156"
"1603","0.5722543352601156","0.5722543352601156","0.5722543352601156"
"1605","0.5722543352601156","0.5722543352601156","0.5722543352601156"
"1607","0.5722543352601156","0.5722543352601156","0.5722543352601156"
"1609","0.5722543352601156","0.5722543352601156","0.5722543352601156"
"1611","0.5722543352601156","0.5722543352601156","0.5722543352601156"
"1613","0.5722543352601156","0.5722543352601156","0.5722543352601156"
"1615","0.5722543352601156","0.5722543352601156","0.5722543352601156"
"1617","0.5722543352601156","0.5722543352601156","0.5722543352601156"
"1619","0.5722543352601156","0.5722543352601156","0.5722543352601156"
"1621","0.5722543352601156","0.5722543352601156","0.5722543352601156"
"1623","0.5722543352601156","0.5722543352601156","0.5722543352601156"
"1625","0.5722543352601156","0.5722543352601156","0.5722543352601156"
"1627","0.5722543352601156","0.5722543352601156","0.5722543352601156"
"1629","0.5722543352601156","0.5722543352601156","0.5722543352601156"
"1631","0.5722543352601156","0.5722543352601156","0.5722543352601156"
"1633","0.5722543352601156","0.5722543352601156","0.5722543352601156"
"1635","0.5722543352601156","0.5722543352601156","0.5722543352601156"
"1637","0.5722543352601156","0.5722543352601156","0.5722543352601156"
"1639","0.5722543352601156","0.5722543352601156","0.5722543352601156"
"1641","0.5722543352601156","0.5722543352601156","0.5722543352601156"
"1643","0.5722543352601156","0.5722543352601156","0.5722543352601156"
"1645","0.5722543352601156","0.5722543352601156","0.5722543352601156"
"1647","0.5722543352601156","0.5722543352601156","0.5722543352601156"
"1649","0.5722543352601156","0.5722543352601156","0.5722543352601156"
"1651","0.5722543352601156","0.5722543352601156","0.5722543352601156"
"1653","0.5722543352601156","0.5722543352601156","0.5722543352601156"
"1655","0.5722543352601156","0.5722543352601156","0.5722543352601156"
"1657","0.5722543352601156","0.5722543352601156","0.5722543352601156"
"1659","0.5722543352601156","0.5722543352601156","0.5722543352601156"
"1661","0.5722543352601156","0.5722543352601156","0.5722543352601156"
"1663","0.5722543352601156","0.5722543352601156","0.5722543352601156"
"1665","0.5722543352601156","0.5722543352601156","0.5722543352601156"
"1667","0.5722543352601156","0.5722543352601156","0.5722543352601156"
"1669","0.5722543352601156","0.5722543352601156","0.5722543352601156"
"1671","0.5722543352601156","0.5722543352601156","0.5722543352601156"
"1673","0.5722543352601156","0.5722543352601156","0.5722543352601156"
"1675","0.5722543352601156","0.5722543352601156","0.5722543352601156"
"1677","0.5722543352601156","0.5722543352601156","0.5722543352601156"
"1679","0.5722543352601156","0.5722543352601156","0.5722543352601156"
"1681","0.5722543352601156","0.5722543352601156","0.5722543352601156"
"1683","0.5722543352601156","0.5722543352601156","0.5722543352601156"
"1685","0.5722543352601156","0.5722543352601156","0.5722543352601156"
"1687","0.5722543352601156","0.5722543352601156","0.5722543352601156"
"1689","0.5722543352601156","0.5722543352601156","0.5722543352601156"
"1691","0.5722543352601156","0.5722543352601156","0.5722543352601156"
"1693","0.5722543352601156","0.5722543352601156","0.5722543352601156"
"1695","0.5722543352601156","0.5722543352601156","0.5722543352601156"
"1697","0.5722543352601156","0.5722543352601156","0.5722543352601156"
"1699","0.5722543352601156","0.5722543352601156","0.5722543352601156"
"1701","0.5722543352601156","0.5722543352601156","0.5722543352601156"
"1703","0.5722543352601156","0.5722543352601156","0.5722543352601156"
"1705","0.5722543352601156","0.5722543352601156","0.5722543352601156"
"1707","0.5722543352601156","0.5722543352601156","0.5722543352601156"
"1709","0.5722543352601156","0.5722543352601156","0.5722543352601156"
"1711","0.5722543352601156","0.5722543352601156","0.5722543352601156"
"1713","0.5722543352601156","0.5722543352601156","0.5722543352601156"
"1715","0.5722543352601156","0.5722543352601156","0.5722543352601156"
"1717","0.5722543352601156","0.5722543352601156","0.5722543352601156"
"1719","0.5722543352601156","0.5722543352601156","0.5722543352601156"
"1721","0.5722543352601156","0.5722543352601156","0.5722543352601156"
"1723","0.5722543352601156","0.5722543352601156","0.5722543352601156"
"1725","0.5722543352601156","0.5722543352601156","0.5722543352601156"
"1727","0.5722543352601156","0.5722543352601156","0.5722543352601156"
"1729","0.5722543352601156","0.5722543352601156","0.5722543352601156"
"1731","0.5722543352601156","0.5722543352601156","0.5722543352601156"
"1733","0.5722543352601156","0.5722543352601156","0.5722543352601156"
"1735","0.5722543352601156","0.5722543352601156","0.5722543352601156"
"1737","0.5722543352601156","0.5722543352601156","0.5722543352601156"
"1739","0.5722543352601156","0.5722543352601156","0.5722543352601156"
"1741","0.5722543352601156","0.5722543352601156","0.5722543352601156"
"1743","0.5722543352601156","0.5722543352601156","0.5722543352601156"
"1745","0.5722543352601156","0.5722543352601156","0.5722543352601156"
"1747","0.5722543352601156","0.5722543352601156","0.5722543352601156"
"1749","0.5722543352601156","0.5722543352601156","0.5722543352601156"
"1751","0.5722543352601156","0.5722543352601156","0.5722543352601156"
"1753","0.5722543352601156","0.5722543352601156","0.5722543352601156"
"1755","0.5722543352601156","0.5722543352601156","0.5722543352601156"
"1757","0.5722543352601156","0.5722543352601156","0.5722543352601156"
"1759","0.5722543352601156","0.5722543352601156","0.5722543352601156"
"1761","0.5722543352601156","0.5722543352601156","0.5722543352601156"
"1763","0.5722543352601156","0.5722543352601156","0.5722543352601156"
"1765","0.5722543352601156","0.5722543352601156","0.5722543352601156"
"1767","0.5722543352601156","0.5722543352601156","0.5722543352601156"
"1769","0.5722543352601156","0.5722543352601156","0.5722543352601156"
"1771","0.5722543352601156","0.5722543352601156","0.5722543352601156"
"1773","0.5722543352601156","0.5722543352601156","0.5722543352601156"
"1775","0.5722543352601156","0.5722543352601156","0.5722543352601156"
"1777","0.5722543352601156","0.5722543352601156","0.5722543352601156"
"1779","0.5722543352601156","0.5722543352601156","0.5722543352601156"
"1781","0.5722543352601156","0.5722543352601156","0.5722543352601156"
"1783","0.5722543352601156","0.5722543352601156","0.5722543352601156"
"1785","0.5722543352601156","0.5722543352601156","0.5722543352601156"
"1787","0.5722543352601156","0.5722543352601156","0.5722543352601156"
"1789","0.5722543352601156","0.5722543352601156","0.5722543352601156"
"1791","0.5722543352601156","0.5722543352601156","0.5722543352601156"
"1793","0.5722543352601156","0.5722543352601156","0.5722543352601156"
"1795","0.5722543352601156","0.5722543352601156","0.5722543352601156"
"1797","0.5722543352601156","0.5722543352601156","0.5722543352601156"
"1799","0.5722543352601156","0.5722543352601156","0.5722543352601156"