"Step","transformer only - Validation Accuracy","transformer only - Validation Accuracy__MIN","transformer only - Validation Accuracy__MAX"
"1","0.4508670520231214","0.4508670520231214","0.4508670520231214"
"3","0.4508670520231214","0.4508670520231214","0.4508670520231214"
"5","0.45664739884393063","0.45664739884393063","0.45664739884393063"
"7","0.4624277456647399","0.4624277456647399","0.4624277456647399"
"9","0.3988439306358382","0.3988439306358382","0.3988439306358382"
"11","0.4046242774566474","0.4046242774566474","0.4046242774566474"
"13","0.44508670520231214","0.44508670520231214","0.44508670520231214"
"15","0.43352601156069365","0.43352601156069365","0.43352601156069365"
"17","0.4393063583815029","0.4393063583815029","0.4393063583815029"
"19","0.4393063583815029","0.4393063583815029","0.4393063583815029"
"21","0.43352601156069365","0.43352601156069365","0.43352601156069365"
"23","0.43352601156069365","0.43352601156069365","0.43352601156069365"
"25","0.4393063583815029","0.4393063583815029","0.4393063583815029"
"27","0.44508670520231214","0.44508670520231214","0.44508670520231214"
"29","0.43352601156069365","0.43352601156069365","0.43352601156069365"
"31","0.44508670520231214","0.44508670520231214","0.44508670520231214"
"33","0.44508670520231214","0.44508670520231214","0.44508670520231214"
"35","0.45664739884393063","0.45664739884393063","0.45664739884393063"
"37","0.4393063583815029","0.4393063583815029","0.4393063583815029"
"39","0.43352601156069365","0.43352601156069365","0.43352601156069365"
"41","0.4508670520231214","0.4508670520231214","0.4508670520231214"
"43","0.4797687861271676","0.4797687861271676","0.4797687861271676"
"45","0.48554913294797686","0.48554913294797686","0.48554913294797686"
"47","0.49710982658959535","0.49710982658959535","0.49710982658959535"
"49","0.49710982658959535","0.49710982658959535","0.49710982658959535"
"51","0.4913294797687861","0.4913294797687861","0.4913294797687861"
"53","0.5086705202312138","0.5086705202312138","0.5086705202312138"
"55","0.5086705202312138","0.5086705202312138","0.5086705202312138"
"57","0.4913294797687861","0.4913294797687861","0.4913294797687861"
"59","0.49710982658959535","0.49710982658959535","0.49710982658959535"
"61","0.4797687861271676","0.4797687861271676","0.4797687861271676"
"63","0.48554913294797686","0.48554913294797686","0.48554913294797686"
"65","0.48554913294797686","0.48554913294797686","0.48554913294797686"
"67","0.48554913294797686","0.48554913294797686","0.48554913294797686"
"69","0.47398843930635837","0.47398843930635837","0.47398843930635837"
"71","0.48554913294797686","0.48554913294797686","0.48554913294797686"
"73","0.4913294797687861","0.4913294797687861","0.4913294797687861"
"75","0.4797687861271676","0.4797687861271676","0.4797687861271676"
"77","0.5144508670520231","0.5144508670520231","0.5144508670520231"
"79","0.5260115606936416","0.5260115606936416","0.5260115606936416"
"81","0.5202312138728323","0.5202312138728323","0.5202312138728323"
"83","0.5375722543352601","0.5375722543352601","0.5375722543352601"
"85","0.5317919075144508","0.5317919075144508","0.5317919075144508"
"87","0.5260115606936416","0.5260115606936416","0.5260115606936416"
"89","0.5202312138728323","0.5202312138728323","0.5202312138728323"
"91","0.5202312138728323","0.5202312138728323","0.5202312138728323"
"93","0.5375722543352601","0.5375722543352601","0.5375722543352601"
"95","0.5317919075144508","0.5317919075144508","0.5317919075144508"
"97","0.5086705202312138","0.5086705202312138","0.5086705202312138"
"99","0.5086705202312138","0.5086705202312138","0.5086705202312138"
"101","0.5317919075144508","0.5317919075144508","0.5317919075144508"
"103","0.5202312138728323","0.5202312138728323","0.5202312138728323"
"105","0.5260115606936416","0.5260115606936416","0.5260115606936416"
"107","0.5375722543352601","0.5375722543352601","0.5375722543352601"
"109","0.5375722543352601","0.5375722543352601","0.5375722543352601"
"111","0.5317919075144508","0.5317919075144508","0.5317919075144508"
"113","0.5375722543352601","0.5375722543352601","0.5375722543352601"
"115","0.5433526011560693","0.5433526011560693","0.5433526011560693"
"117","0.5317919075144508","0.5317919075144508","0.5317919075144508"
"119","0.5549132947976878","0.5549132947976878","0.5549132947976878"
"121","0.5491329479768786","0.5491329479768786","0.5491329479768786"
"123","0.5433526011560693","0.5433526011560693","0.5433526011560693"
"125","0.5375722543352601","0.5375722543352601","0.5375722543352601"
"127","0.5606936416184971","0.5606936416184971","0.5606936416184971"
"129","0.5549132947976878","0.5549132947976878","0.5549132947976878"
"131","0.5433526011560693","0.5433526011560693","0.5433526011560693"
"133","0.5260115606936416","0.5260115606936416","0.5260115606936416"
"135","0.5260115606936416","0.5260115606936416","0.5260115606936416"
"137","0.5375722543352601","0.5375722543352601","0.5375722543352601"
"139","0.5375722543352601","0.5375722543352601","0.5375722543352601"
"141","0.5433526011560693","0.5433526011560693","0.5433526011560693"
"143","0.5433526011560693","0.5433526011560693","0.5433526011560693"
"145","0.5433526011560693","0.5433526011560693","0.5433526011560693"
"147","0.5491329479768786","0.5491329479768786","0.5491329479768786"
"149","0.5606936416184971","0.5606936416184971","0.5606936416184971"
"151","0.5375722543352601","0.5375722543352601","0.5375722543352601"
"153","0.5317919075144508","0.5317919075144508","0.5317919075144508"
"155","0.5144508670520231","0.5144508670520231","0.5144508670520231"
"157","0.5317919075144508","0.5317919075144508","0.5317919075144508"
"159","0.5433526011560693","0.5433526011560693","0.5433526011560693"
"161","0.5491329479768786","0.5491329479768786","0.5491329479768786"
"163","0.5433526011560693","0.5433526011560693","0.5433526011560693"
"165","0.5491329479768786","0.5491329479768786","0.5491329479768786"
"167","0.5375722543352601","0.5375722543352601","0.5375722543352601"
"169","0.5317919075144508","0.5317919075144508","0.5317919075144508"
"171","0.5317919075144508","0.5317919075144508","0.5317919075144508"
"173","0.5375722543352601","0.5375722543352601","0.5375722543352601"
"175","0.5202312138728323","0.5202312138728323","0.5202312138728323"
"177","0.5433526011560693","0.5433526011560693","0.5433526011560693"
"179","0.5375722543352601","0.5375722543352601","0.5375722543352601"
"181","0.5433526011560693","0.5433526011560693","0.5433526011560693"
"183","0.5375722543352601","0.5375722543352601","0.5375722543352601"
"185","0.5375722543352601","0.5375722543352601","0.5375722543352601"
"187","0.5375722543352601","0.5375722543352601","0.5375722543352601"
"189","0.5433526011560693","0.5433526011560693","0.5433526011560693"
"191","0.5317919075144508","0.5317919075144508","0.5317919075144508"
"193","0.5375722543352601","0.5375722543352601","0.5375722543352601"
"195","0.5433526011560693","0.5433526011560693","0.5433526011560693"
"197","0.5549132947976878","0.5549132947976878","0.5549132947976878"
"199","0.5433526011560693","0.5433526011560693","0.5433526011560693"
"201","0.5433526011560693","0.5433526011560693","0.5433526011560693"
"203","0.5260115606936416","0.5260115606936416","0.5260115606936416"
"205","0.5260115606936416","0.5260115606936416","0.5260115606936416"
"207","0.5144508670520231","0.5144508670520231","0.5144508670520231"
"209","0.5317919075144508","0.5317919075144508","0.5317919075144508"
"211","0.5317919075144508","0.5317919075144508","0.5317919075144508"
"213","0.5606936416184971","0.5606936416184971","0.5606936416184971"
"215","0.5549132947976878","0.5549132947976878","0.5549132947976878"
"217","0.5549132947976878","0.5549132947976878","0.5549132947976878"
"219","0.5549132947976878","0.5549132947976878","0.5549132947976878"
"221","0.5664739884393064","0.5664739884393064","0.5664739884393064"
"223","0.5664739884393064","0.5664739884393064","0.5664739884393064"
"225","0.5491329479768786","0.5491329479768786","0.5491329479768786"
"227","0.5433526011560693","0.5433526011560693","0.5433526011560693"
"229","0.5433526011560693","0.5433526011560693","0.5433526011560693"
"231","0.5491329479768786","0.5491329479768786","0.5491329479768786"
"233","0.5433526011560693","0.5433526011560693","0.5433526011560693"
"235","0.5549132947976878","0.5549132947976878","0.5549132947976878"
"237","0.5606936416184971","0.5606936416184971","0.5606936416184971"
"239","0.5549132947976878","0.5549132947976878","0.5549132947976878"
"241","0.5433526011560693","0.5433526011560693","0.5433526011560693"
"243","0.5375722543352601","0.5375722543352601","0.5375722543352601"
"245","0.5375722543352601","0.5375722543352601","0.5375722543352601"
"247","0.5491329479768786","0.5491329479768786","0.5491329479768786"
"249","0.5375722543352601","0.5375722543352601","0.5375722543352601"
"251","0.5317919075144508","0.5317919075144508","0.5317919075144508"
"253","0.5375722543352601","0.5375722543352601","0.5375722543352601"
"255","0.5317919075144508","0.5317919075144508","0.5317919075144508"
"257","0.5317919075144508","0.5317919075144508","0.5317919075144508"
"259","0.5202312138728323","0.5202312138728323","0.5202312138728323"
"261","0.5260115606936416","0.5260115606936416","0.5260115606936416"
"263","0.5317919075144508","0.5317919075144508","0.5317919075144508"
"265","0.5317919075144508","0.5317919075144508","0.5317919075144508"
"267","0.5375722543352601","0.5375722543352601","0.5375722543352601"
"269","0.5375722543352601","0.5375722543352601","0.5375722543352601"
"271","0.5375722543352601","0.5375722543352601","0.5375722543352601"
"273","0.5433526011560693","0.5433526011560693","0.5433526011560693"
"275","0.5491329479768786","0.5491329479768786","0.5491329479768786"
"277","0.5433526011560693","0.5433526011560693","0.5433526011560693"
"279","0.5375722543352601","0.5375722543352601","0.5375722543352601"
"281","0.5260115606936416","0.5260115606936416","0.5260115606936416"
"283","0.5375722543352601","0.5375722543352601","0.5375722543352601"
"285","0.5260115606936416","0.5260115606936416","0.5260115606936416"
"287","0.5317919075144508","0.5317919075144508","0.5317919075144508"
"289","0.5433526011560693","0.5433526011560693","0.5433526011560693"
"291","0.5549132947976878","0.5549132947976878","0.5549132947976878"
"293","0.5549132947976878","0.5549132947976878","0.5549132947976878"
"295","0.5780346820809249","0.5780346820809249","0.5780346820809249"
"297","0.5722543352601156","0.5722543352601156","0.5722543352601156"
"299","0.5549132947976878","0.5549132947976878","0.5549132947976878"
"301","0.5375722543352601","0.5375722543352601","0.5375722543352601"
"303","0.5260115606936416","0.5260115606936416","0.5260115606936416"
"305","0.5202312138728323","0.5202312138728323","0.5202312138728323"
"307","0.5317919075144508","0.5317919075144508","0.5317919075144508"
"309","0.5144508670520231","0.5144508670520231","0.5144508670520231"
"311","0.49710982658959535","0.49710982658959535","0.49710982658959535"
"313","0.49710982658959535","0.49710982658959535","0.49710982658959535"
"315","0.49710982658959535","0.49710982658959535","0.49710982658959535"
"317","0.5202312138728323","0.5202312138728323","0.5202312138728323"
"319","0.5202312138728323","0.5202312138728323","0.5202312138728323"
"321","0.5086705202312138","0.5086705202312138","0.5086705202312138"
"323","0.5028901734104047","0.5028901734104047","0.5028901734104047"
"325","0.5144508670520231","0.5144508670520231","0.5144508670520231"
"327","0.5202312138728323","0.5202312138728323","0.5202312138728323"
"329","0.5202312138728323","0.5202312138728323","0.5202312138728323"
"331","0.5375722543352601","0.5375722543352601","0.5375722543352601"
"333","0.5375722543352601","0.5375722543352601","0.5375722543352601"
"335","0.5317919075144508","0.5317919075144508","0.5317919075144508"
"337","0.5260115606936416","0.5260115606936416","0.5260115606936416"
"339","0.5433526011560693","0.5433526011560693","0.5433526011560693"
"341","0.5375722543352601","0.5375722543352601","0.5375722543352601"
"343","0.5260115606936416","0.5260115606936416","0.5260115606936416"
"345","0.5086705202312138","0.5086705202312138","0.5086705202312138"
"347","0.5260115606936416","0.5260115606936416","0.5260115606936416"
"349","0.5202312138728323","0.5202312138728323","0.5202312138728323"
"351","0.5260115606936416","0.5260115606936416","0.5260115606936416"
"353","0.5317919075144508","0.5317919075144508","0.5317919075144508"
"355","0.5260115606936416","0.5260115606936416","0.5260115606936416"
"357","0.5202312138728323","0.5202312138728323","0.5202312138728323"
"359","0.5144508670520231","0.5144508670520231","0.5144508670520231"
"361","0.5202312138728323","0.5202312138728323","0.5202312138728323"
"363","0.5202312138728323","0.5202312138728323","0.5202312138728323"
"365","0.5317919075144508","0.5317919075144508","0.5317919075144508"
"367","0.5202312138728323","0.5202312138728323","0.5202312138728323"
"369","0.5260115606936416","0.5260115606936416","0.5260115606936416"
"371","0.5260115606936416","0.5260115606936416","0.5260115606936416"
"373","0.5375722543352601","0.5375722543352601","0.5375722543352601"
"375","0.5375722543352601","0.5375722543352601","0.5375722543352601"
"377","0.5317919075144508","0.5317919075144508","0.5317919075144508"
"379","0.5202312138728323","0.5202312138728323","0.5202312138728323"
"381","0.5202312138728323","0.5202312138728323","0.5202312138728323"
"383","0.5202312138728323","0.5202312138728323","0.5202312138728323"
"385","0.5086705202312138","0.5086705202312138","0.5086705202312138"
"387","0.4913294797687861","0.4913294797687861","0.4913294797687861"
"389","0.5086705202312138","0.5086705202312138","0.5086705202312138"
"391","0.5086705202312138","0.5086705202312138","0.5086705202312138"
"393","0.5144508670520231","0.5144508670520231","0.5144508670520231"
"395","0.5028901734104047","0.5028901734104047","0.5028901734104047"
"397","0.5144508670520231","0.5144508670520231","0.5144508670520231"
"399","0.5144508670520231","0.5144508670520231","0.5144508670520231"
"401","0.5086705202312138","0.5086705202312138","0.5086705202312138"
"403","0.5317919075144508","0.5317919075144508","0.5317919075144508"
"405","0.5260115606936416","0.5260115606936416","0.5260115606936416"
"407","0.5260115606936416","0.5260115606936416","0.5260115606936416"
"409","0.5144508670520231","0.5144508670520231","0.5144508670520231"
"411","0.5375722543352601","0.5375722543352601","0.5375722543352601"
"413","0.5433526011560693","0.5433526011560693","0.5433526011560693"
"415","0.5491329479768786","0.5491329479768786","0.5491329479768786"
"417","0.5375722543352601","0.5375722543352601","0.5375722543352601"
"419","0.5317919075144508","0.5317919075144508","0.5317919075144508"
"421","0.5317919075144508","0.5317919075144508","0.5317919075144508"
"423","0.5202312138728323","0.5202312138728323","0.5202312138728323"
"425","0.5317919075144508","0.5317919075144508","0.5317919075144508"
"427","0.5375722543352601","0.5375722543352601","0.5375722543352601"
"429","0.5433526011560693","0.5433526011560693","0.5433526011560693"
"431","0.5317919075144508","0.5317919075144508","0.5317919075144508"
"433","0.5260115606936416","0.5260115606936416","0.5260115606936416"
"435","0.5260115606936416","0.5260115606936416","0.5260115606936416"
"437","0.5260115606936416","0.5260115606936416","0.5260115606936416"
"439","0.5375722543352601","0.5375722543352601","0.5375722543352601"
"441","0.5491329479768786","0.5491329479768786","0.5491329479768786"
"443","0.5317919075144508","0.5317919075144508","0.5317919075144508"
"445","0.5260115606936416","0.5260115606936416","0.5260115606936416"
"447","0.5028901734104047","0.5028901734104047","0.5028901734104047"
"449","0.5086705202312138","0.5086705202312138","0.5086705202312138"
"451","0.5260115606936416","0.5260115606936416","0.5260115606936416"
"453","0.5260115606936416","0.5260115606936416","0.5260115606936416"
"455","0.5144508670520231","0.5144508670520231","0.5144508670520231"
"457","0.5202312138728323","0.5202312138728323","0.5202312138728323"
"459","0.5202312138728323","0.5202312138728323","0.5202312138728323"
"461","0.5260115606936416","0.5260115606936416","0.5260115606936416"
"463","0.5260115606936416","0.5260115606936416","0.5260115606936416"
"465","0.5375722543352601","0.5375722543352601","0.5375722543352601"
"467","0.5433526011560693","0.5433526011560693","0.5433526011560693"
"469","0.5375722543352601","0.5375722543352601","0.5375722543352601"
"471","0.5433526011560693","0.5433526011560693","0.5433526011560693"
"473","0.5375722543352601","0.5375722543352601","0.5375722543352601"
"475","0.5375722543352601","0.5375722543352601","0.5375722543352601"
"477","0.5317919075144508","0.5317919075144508","0.5317919075144508"
"479","0.5375722543352601","0.5375722543352601","0.5375722543352601"
"481","0.5433526011560693","0.5433526011560693","0.5433526011560693"
"483","0.5433526011560693","0.5433526011560693","0.5433526011560693"
"485","0.5375722543352601","0.5375722543352601","0.5375722543352601"
"487","0.5375722543352601","0.5375722543352601","0.5375722543352601"
"489","0.5433526011560693","0.5433526011560693","0.5433526011560693"
"491","0.5433526011560693","0.5433526011560693","0.5433526011560693"
"493","0.5375722543352601","0.5375722543352601","0.5375722543352601"
"495","0.5317919075144508","0.5317919075144508","0.5317919075144508"
"497","0.5317919075144508","0.5317919075144508","0.5317919075144508"
"499","0.5202312138728323","0.5202312138728323","0.5202312138728323"
"501","0.5202312138728323","0.5202312138728323","0.5202312138728323"
"503","0.5144508670520231","0.5144508670520231","0.5144508670520231"
"505","0.5202312138728323","0.5202312138728323","0.5202312138728323"
"507","0.5317919075144508","0.5317919075144508","0.5317919075144508"
"509","0.5260115606936416","0.5260115606936416","0.5260115606936416"
"511","0.5202312138728323","0.5202312138728323","0.5202312138728323"
"513","0.5317919075144508","0.5317919075144508","0.5317919075144508"
"515","0.5317919075144508","0.5317919075144508","0.5317919075144508"
"517","0.5433526011560693","0.5433526011560693","0.5433526011560693"
"519","0.5433526011560693","0.5433526011560693","0.5433526011560693"
"521","0.5433526011560693","0.5433526011560693","0.5433526011560693"
"523","0.5433526011560693","0.5433526011560693","0.5433526011560693"
"525","0.5375722543352601","0.5375722543352601","0.5375722543352601"
"527","0.5260115606936416","0.5260115606936416","0.5260115606936416"
"529","0.5433526011560693","0.5433526011560693","0.5433526011560693"
"531","0.5491329479768786","0.5491329479768786","0.5491329479768786"
"533","0.5491329479768786","0.5491329479768786","0.5491329479768786"
"535","0.5433526011560693","0.5433526011560693","0.5433526011560693"
"537","0.5433526011560693","0.5433526011560693","0.5433526011560693"
"539","0.5433526011560693","0.5433526011560693","0.5433526011560693"
"541","0.5549132947976878","0.5549132947976878","0.5549132947976878"
"543","0.5433526011560693","0.5433526011560693","0.5433526011560693"
"545","0.5375722543352601","0.5375722543352601","0.5375722543352601"
"547","0.5433526011560693","0.5433526011560693","0.5433526011560693"
"549","0.5317919075144508","0.5317919075144508","0.5317919075144508"
"551","0.5433526011560693","0.5433526011560693","0.5433526011560693"
"553","0.5549132947976878","0.5549132947976878","0.5549132947976878"
"555","0.5491329479768786","0.5491329479768786","0.5491329479768786"
"557","0.5606936416184971","0.5606936416184971","0.5606936416184971"
"559","0.5606936416184971","0.5606936416184971","0.5606936416184971"
"561","0.5549132947976878","0.5549132947976878","0.5549132947976878"
"563","0.5433526011560693","0.5433526011560693","0.5433526011560693"
"565","0.5491329479768786","0.5491329479768786","0.5491329479768786"
"567","0.5606936416184971","0.5606936416184971","0.5606936416184971"
"569","0.5549132947976878","0.5549132947976878","0.5549132947976878"
"571","0.5433526011560693","0.5433526011560693","0.5433526011560693"
"573","0.5491329479768786","0.5491329479768786","0.5491329479768786"
"575","0.5606936416184971","0.5606936416184971","0.5606936416184971"
"577","0.5433526011560693","0.5433526011560693","0.5433526011560693"
"579","0.5433526011560693","0.5433526011560693","0.5433526011560693"
"581","0.5433526011560693","0.5433526011560693","0.5433526011560693"
"583","0.5375722543352601","0.5375722543352601","0.5375722543352601"
"585","0.5375722543352601","0.5375722543352601","0.5375722543352601"
"587","0.5491329479768786","0.5491329479768786","0.5491329479768786"
"589","0.5433526011560693","0.5433526011560693","0.5433526011560693"
"591","0.5433526011560693","0.5433526011560693","0.5433526011560693"
"593","0.5375722543352601","0.5375722543352601","0.5375722543352601"
"595","0.5317919075144508","0.5317919075144508","0.5317919075144508"
"597","0.5375722543352601","0.5375722543352601","0.5375722543352601"
"599","0.5375722543352601","0.5375722543352601","0.5375722543352601"
"601","0.5317919075144508","0.5317919075144508","0.5317919075144508"
"603","0.5317919075144508","0.5317919075144508","0.5317919075144508"
"605","0.5260115606936416","0.5260115606936416","0.5260115606936416"
"607","0.5317919075144508","0.5317919075144508","0.5317919075144508"
"609","0.5317919075144508","0.5317919075144508","0.5317919075144508"
"611","0.5260115606936416","0.5260115606936416","0.5260115606936416"
"613","0.5202312138728323","0.5202312138728323","0.5202312138728323"
"615","0.5144508670520231","0.5144508670520231","0.5144508670520231"
"617","0.5086705202312138","0.5086705202312138","0.5086705202312138"
"619","0.5144508670520231","0.5144508670520231","0.5144508670520231"
"621","0.5086705202312138","0.5086705202312138","0.5086705202312138"
"623","0.5202312138728323","0.5202312138728323","0.5202312138728323"
"625","0.5260115606936416","0.5260115606936416","0.5260115606936416"
"627","0.5144508670520231","0.5144508670520231","0.5144508670520231"
"629","0.5144508670520231","0.5144508670520231","0.5144508670520231"
"631","0.5144508670520231","0.5144508670520231","0.5144508670520231"
"633","0.5202312138728323","0.5202312138728323","0.5202312138728323"
"635","0.5317919075144508","0.5317919075144508","0.5317919075144508"
"637","0.5317919075144508","0.5317919075144508","0.5317919075144508"
"639","0.5317919075144508","0.5317919075144508","0.5317919075144508"
"641","0.5375722543352601","0.5375722543352601","0.5375722543352601"
"643","0.5260115606936416","0.5260115606936416","0.5260115606936416"
"645","0.5317919075144508","0.5317919075144508","0.5317919075144508"
"647","0.5317919075144508","0.5317919075144508","0.5317919075144508"
"649","0.5433526011560693","0.5433526011560693","0.5433526011560693"
"651","0.5375722543352601","0.5375722543352601","0.5375722543352601"
"653","0.5202312138728323","0.5202312138728323","0.5202312138728323"
"655","0.5375722543352601","0.5375722543352601","0.5375722543352601"
"657","0.5433526011560693","0.5433526011560693","0.5433526011560693"
"659","0.5433526011560693","0.5433526011560693","0.5433526011560693"
"661","0.5260115606936416","0.5260115606936416","0.5260115606936416"
"663","0.5317919075144508","0.5317919075144508","0.5317919075144508"
"665","0.5433526011560693","0.5433526011560693","0.5433526011560693"
"667","0.5433526011560693","0.5433526011560693","0.5433526011560693"
"669","0.5317919075144508","0.5317919075144508","0.5317919075144508"
"671","0.5375722543352601","0.5375722543352601","0.5375722543352601"
"673","0.5433526011560693","0.5433526011560693","0.5433526011560693"
"675","0.5317919075144508","0.5317919075144508","0.5317919075144508"
"677","0.5375722543352601","0.5375722543352601","0.5375722543352601"
"679","0.5433526011560693","0.5433526011560693","0.5433526011560693"
"681","0.5433526011560693","0.5433526011560693","0.5433526011560693"
"683","0.5491329479768786","0.5491329479768786","0.5491329479768786"
"685","0.5491329479768786","0.5491329479768786","0.5491329479768786"
"687","0.5491329479768786","0.5491329479768786","0.5491329479768786"
"689","0.5549132947976878","0.5549132947976878","0.5549132947976878"
"691","0.5375722543352601","0.5375722543352601","0.5375722543352601"
"693","0.5433526011560693","0.5433526011560693","0.5433526011560693"
"695","0.5491329479768786","0.5491329479768786","0.5491329479768786"
"697","0.5491329479768786","0.5491329479768786","0.5491329479768786"
"699","0.5491329479768786","0.5491329479768786","0.5491329479768786"
"701","0.5433526011560693","0.5433526011560693","0.5433526011560693"
"703","0.5433526011560693","0.5433526011560693","0.5433526011560693"
"705","0.5375722543352601","0.5375722543352601","0.5375722543352601"
"707","0.5491329479768786","0.5491329479768786","0.5491329479768786"
"709","0.5433526011560693","0.5433526011560693","0.5433526011560693"
"711","0.5375722543352601","0.5375722543352601","0.5375722543352601"
"713","0.5491329479768786","0.5491329479768786","0.5491329479768786"
"715","0.5549132947976878","0.5549132947976878","0.5549132947976878"
"717","0.5491329479768786","0.5491329479768786","0.5491329479768786"
"719","0.5549132947976878","0.5549132947976878","0.5549132947976878"
"721","0.5491329479768786","0.5491329479768786","0.5491329479768786"
"723","0.5491329479768786","0.5491329479768786","0.5491329479768786"
"725","0.5433526011560693","0.5433526011560693","0.5433526011560693"
"727","0.5375722543352601","0.5375722543352601","0.5375722543352601"
"729","0.5491329479768786","0.5491329479768786","0.5491329479768786"
"731","0.5491329479768786","0.5491329479768786","0.5491329479768786"
"733","0.5375722543352601","0.5375722543352601","0.5375722543352601"
"735","0.5375722543352601","0.5375722543352601","0.5375722543352601"
"737","0.5375722543352601","0.5375722543352601","0.5375722543352601"
"739","0.5375722543352601","0.5375722543352601","0.5375722543352601"
"741","0.5375722543352601","0.5375722543352601","0.5375722543352601"
"743","0.5433526011560693","0.5433526011560693","0.5433526011560693"
"745","0.5202312138728323","0.5202312138728323","0.5202312138728323"
"747","0.5260115606936416","0.5260115606936416","0.5260115606936416"
"749","0.5375722543352601","0.5375722543352601","0.5375722543352601"
"751","0.5317919075144508","0.5317919075144508","0.5317919075144508"
"753","0.5317919075144508","0.5317919075144508","0.5317919075144508"
"755","0.5317919075144508","0.5317919075144508","0.5317919075144508"
"757","0.5260115606936416","0.5260115606936416","0.5260115606936416"
"759","0.5317919075144508","0.5317919075144508","0.5317919075144508"
"761","0.5260115606936416","0.5260115606936416","0.5260115606936416"
"763","0.5317919075144508","0.5317919075144508","0.5317919075144508"
"765","0.5317919075144508","0.5317919075144508","0.5317919075144508"
"767","0.5317919075144508","0.5317919075144508","0.5317919075144508"
"769","0.5317919075144508","0.5317919075144508","0.5317919075144508"
"771","0.5317919075144508","0.5317919075144508","0.5317919075144508"
"773","0.5317919075144508","0.5317919075144508","0.5317919075144508"
"775","0.5375722543352601","0.5375722543352601","0.5375722543352601"
"777","0.5317919075144508","0.5317919075144508","0.5317919075144508"
"779","0.5317919075144508","0.5317919075144508","0.5317919075144508"
"781","0.5375722543352601","0.5375722543352601","0.5375722543352601"
"783","0.5433526011560693","0.5433526011560693","0.5433526011560693"
"785","0.5317919075144508","0.5317919075144508","0.5317919075144508"
"787","0.5317919075144508","0.5317919075144508","0.5317919075144508"
"789","0.5260115606936416","0.5260115606936416","0.5260115606936416"
"791","0.5317919075144508","0.5317919075144508","0.5317919075144508"
"793","0.5317919075144508","0.5317919075144508","0.5317919075144508"
"795","0.5317919075144508","0.5317919075144508","0.5317919075144508"
"797","0.5433526011560693","0.5433526011560693","0.5433526011560693"
"799","0.5491329479768786","0.5491329479768786","0.5491329479768786"
"801","0.5491329479768786","0.5491329479768786","0.5491329479768786"
"803","0.5549132947976878","0.5549132947976878","0.5549132947976878"
"805","0.5606936416184971","0.5606936416184971","0.5606936416184971"
"807","0.5491329479768786","0.5491329479768786","0.5491329479768786"
"809","0.5606936416184971","0.5606936416184971","0.5606936416184971"
"811","0.5664739884393064","0.5664739884393064","0.5664739884393064"
"813","0.5780346820809249","0.5780346820809249","0.5780346820809249"
"815","0.5722543352601156","0.5722543352601156","0.5722543352601156"
"817","0.5664739884393064","0.5664739884393064","0.5664739884393064"
"819","0.5664739884393064","0.5664739884393064","0.5664739884393064"
"821","0.5664739884393064","0.5664739884393064","0.5664739884393064"
"823","0.5780346820809249","0.5780346820809249","0.5780346820809249"
"825","0.5722543352601156","0.5722543352601156","0.5722543352601156"
"827","0.5722543352601156","0.5722543352601156","0.5722543352601156"
"829","0.5664739884393064","0.5664739884393064","0.5664739884393064"
"831","0.5664739884393064","0.5664739884393064","0.5664739884393064"
"833","0.5722543352601156","0.5722543352601156","0.5722543352601156"
"835","0.5664739884393064","0.5664739884393064","0.5664739884393064"
"837","0.5664739884393064","0.5664739884393064","0.5664739884393064"
"839","0.5606936416184971","0.5606936416184971","0.5606936416184971"
"841","0.5549132947976878","0.5549132947976878","0.5549132947976878"
"843","0.5491329479768786","0.5491329479768786","0.5491329479768786"
"845","0.5491329479768786","0.5491329479768786","0.5491329479768786"
"847","0.5433526011560693","0.5433526011560693","0.5433526011560693"
"849","0.5549132947976878","0.5549132947976878","0.5549132947976878"
"851","0.5549132947976878","0.5549132947976878","0.5549132947976878"
"853","0.5549132947976878","0.5549132947976878","0.5549132947976878"
"855","0.5549132947976878","0.5549132947976878","0.5549132947976878"
"857","0.5664739884393064","0.5664739884393064","0.5664739884393064"
"859","0.5722543352601156","0.5722543352601156","0.5722543352601156"
"861","0.5780346820809249","0.5780346820809249","0.5780346820809249"
"863","0.5722543352601156","0.5722543352601156","0.5722543352601156"
"865","0.5664739884393064","0.5664739884393064","0.5664739884393064"
"867","0.5722543352601156","0.5722543352601156","0.5722543352601156"
"869","0.5780346820809249","0.5780346820809249","0.5780346820809249"
"871","0.5780346820809249","0.5780346820809249","0.5780346820809249"
"873","0.5838150289017341","0.5838150289017341","0.5838150289017341"
"875","0.5780346820809249","0.5780346820809249","0.5780346820809249"
"877","0.5838150289017341","0.5838150289017341","0.5838150289017341"
"879","0.5838150289017341","0.5838150289017341","0.5838150289017341"
"881","0.5664739884393064","0.5664739884393064","0.5664739884393064"
"883","0.5664739884393064","0.5664739884393064","0.5664739884393064"
"885","0.5664739884393064","0.5664739884393064","0.5664739884393064"
"887","0.5664739884393064","0.5664739884393064","0.5664739884393064"
"889","0.5606936416184971","0.5606936416184971","0.5606936416184971"
"891","0.5664739884393064","0.5664739884393064","0.5664739884393064"
"893","0.5664739884393064","0.5664739884393064","0.5664739884393064"
"895","0.5549132947976878","0.5549132947976878","0.5549132947976878"
"897","0.5664739884393064","0.5664739884393064","0.5664739884393064"
"899","0.5722543352601156","0.5722543352601156","0.5722543352601156"
"901","0.5722543352601156","0.5722543352601156","0.5722543352601156"
"903","0.5606936416184971","0.5606936416184971","0.5606936416184971"
"905","0.5549132947976878","0.5549132947976878","0.5549132947976878"
"907","0.5606936416184971","0.5606936416184971","0.5606936416184971"
"909","0.5549132947976878","0.5549132947976878","0.5549132947976878"
"911","0.5549132947976878","0.5549132947976878","0.5549132947976878"
"913","0.5549132947976878","0.5549132947976878","0.5549132947976878"
"915","0.5606936416184971","0.5606936416184971","0.5606936416184971"
"917","0.5606936416184971","0.5606936416184971","0.5606936416184971"
"919","0.5664739884393064","0.5664739884393064","0.5664739884393064"
"921","0.5606936416184971","0.5606936416184971","0.5606936416184971"
"923","0.5606936416184971","0.5606936416184971","0.5606936416184971"
"925","0.5664739884393064","0.5664739884393064","0.5664739884393064"
"927","0.5664739884393064","0.5664739884393064","0.5664739884393064"
"929","0.5664739884393064","0.5664739884393064","0.5664739884393064"
"931","0.5606936416184971","0.5606936416184971","0.5606936416184971"
"933","0.5549132947976878","0.5549132947976878","0.5549132947976878"
"935","0.5606936416184971","0.5606936416184971","0.5606936416184971"
"937","0.5664739884393064","0.5664739884393064","0.5664739884393064"
"939","0.5606936416184971","0.5606936416184971","0.5606936416184971"
"941","0.5606936416184971","0.5606936416184971","0.5606936416184971"
"943","0.5606936416184971","0.5606936416184971","0.5606936416184971"
"945","0.5606936416184971","0.5606936416184971","0.5606936416184971"
"947","0.5606936416184971","0.5606936416184971","0.5606936416184971"
"949","0.5722543352601156","0.5722543352601156","0.5722543352601156"
"951","0.5722543352601156","0.5722543352601156","0.5722543352601156"
"953","0.5722543352601156","0.5722543352601156","0.5722543352601156"
"955","0.5664739884393064","0.5664739884393064","0.5664739884393064"
"957","0.5722543352601156","0.5722543352601156","0.5722543352601156"
"959","0.5780346820809249","0.5780346820809249","0.5780346820809249"
"961","0.5606936416184971","0.5606936416184971","0.5606936416184971"
"963","0.5664739884393064","0.5664739884393064","0.5664739884393064"
"965","0.5664739884393064","0.5664739884393064","0.5664739884393064"
"967","0.5664739884393064","0.5664739884393064","0.5664739884393064"
"969","0.5722543352601156","0.5722543352601156","0.5722543352601156"
"971","0.5549132947976878","0.5549132947976878","0.5549132947976878"
"973","0.5549132947976878","0.5549132947976878","0.5549132947976878"
"975","0.5549132947976878","0.5549132947976878","0.5549132947976878"
"977","0.5606936416184971","0.5606936416184971","0.5606936416184971"
"979","0.5606936416184971","0.5606936416184971","0.5606936416184971"
"981","0.5606936416184971","0.5606936416184971","0.5606936416184971"
"983","0.5606936416184971","0.5606936416184971","0.5606936416184971"
"985","0.5549132947976878","0.5549132947976878","0.5549132947976878"
"987","0.5549132947976878","0.5549132947976878","0.5549132947976878"
"989","0.5549132947976878","0.5549132947976878","0.5549132947976878"
"991","0.5549132947976878","0.5549132947976878","0.5549132947976878"
"993","0.5549132947976878","0.5549132947976878","0.5549132947976878"
"995","0.5606936416184971","0.5606936416184971","0.5606936416184971"
"997","0.5606936416184971","0.5606936416184971","0.5606936416184971"
"999","0.5549132947976878","0.5549132947976878","0.5549132947976878"
"1001","0.5491329479768786","0.5491329479768786","0.5491329479768786"
"1003","0.5491329479768786","0.5491329479768786","0.5491329479768786"
"1005","0.5491329479768786","0.5491329479768786","0.5491329479768786"
"1007","0.5491329479768786","0.5491329479768786","0.5491329479768786"
"1009","0.5491329479768786","0.5491329479768786","0.5491329479768786"
"1011","0.5433526011560693","0.5433526011560693","0.5433526011560693"
"1013","0.5433526011560693","0.5433526011560693","0.5433526011560693"
"1015","0.5491329479768786","0.5491329479768786","0.5491329479768786"
"1017","0.5433526011560693","0.5433526011560693","0.5433526011560693"
"1019","0.5433526011560693","0.5433526011560693","0.5433526011560693"
"1021","0.5433526011560693","0.5433526011560693","0.5433526011560693"
"1023","0.5491329479768786","0.5491329479768786","0.5491329479768786"
"1025","0.5606936416184971","0.5606936416184971","0.5606936416184971"
"1027","0.5606936416184971","0.5606936416184971","0.5606936416184971"
"1029","0.5606936416184971","0.5606936416184971","0.5606936416184971"
"1031","0.5606936416184971","0.5606936416184971","0.5606936416184971"
"1033","0.5664739884393064","0.5664739884393064","0.5664739884393064"
"1035","0.5664739884393064","0.5664739884393064","0.5664739884393064"
"1037","0.5606936416184971","0.5606936416184971","0.5606936416184971"
"1039","0.5664739884393064","0.5664739884393064","0.5664739884393064"
"1041","0.5664739884393064","0.5664739884393064","0.5664739884393064"
"1043","0.5664739884393064","0.5664739884393064","0.5664739884393064"
"1045","0.5664739884393064","0.5664739884393064","0.5664739884393064"
"1047","0.5664739884393064","0.5664739884393064","0.5664739884393064"
"1049","0.5606936416184971","0.5606936416184971","0.5606936416184971"
"1051","0.5606936416184971","0.5606936416184971","0.5606936416184971"
"1053","0.5722543352601156","0.5722543352601156","0.5722543352601156"
"1055","0.5780346820809249","0.5780346820809249","0.5780346820809249"
"1057","0.5780346820809249","0.5780346820809249","0.5780346820809249"
"1059","0.5780346820809249","0.5780346820809249","0.5780346820809249"
"1061","0.5664739884393064","0.5664739884393064","0.5664739884393064"
"1063","0.5722543352601156","0.5722543352601156","0.5722543352601156"
"1065","0.5722543352601156","0.5722543352601156","0.5722543352601156"
"1067","0.5664739884393064","0.5664739884393064","0.5664739884393064"
"1069","0.5549132947976878","0.5549132947976878","0.5549132947976878"
"1071","0.5606936416184971","0.5606936416184971","0.5606936416184971"
"1073","0.5606936416184971","0.5606936416184971","0.5606936416184971"
"1075","0.5606936416184971","0.5606936416184971","0.5606936416184971"
"1077","0.5606936416184971","0.5606936416184971","0.5606936416184971"
"1079","0.5664739884393064","0.5664739884393064","0.5664739884393064"
"1081","0.5606936416184971","0.5606936416184971","0.5606936416184971"
"1083","0.5606936416184971","0.5606936416184971","0.5606936416184971"
"1085","0.5664739884393064","0.5664739884393064","0.5664739884393064"
"1087","0.5664739884393064","0.5664739884393064","0.5664739884393064"
"1089","0.5664739884393064","0.5664739884393064","0.5664739884393064"
"1091","0.5664739884393064","0.5664739884393064","0.5664739884393064"
"1093","0.5606936416184971","0.5606936416184971","0.5606936416184971"
"1095","0.5606936416184971","0.5606936416184971","0.5606936416184971"
"1097","0.5606936416184971","0.5606936416184971","0.5606936416184971"
"1099","0.5606936416184971","0.5606936416184971","0.5606936416184971"
"1101","0.5606936416184971","0.5606936416184971","0.5606936416184971"
"1103","0.5606936416184971","0.5606936416184971","0.5606936416184971"
"1105","0.5606936416184971","0.5606936416184971","0.5606936416184971"
"1107","0.5549132947976878","0.5549132947976878","0.5549132947976878"
"1109","0.5549132947976878","0.5549132947976878","0.5549132947976878"
"1111","0.5549132947976878","0.5549132947976878","0.5549132947976878"
"1113","0.5606936416184971","0.5606936416184971","0.5606936416184971"
"1115","0.5606936416184971","0.5606936416184971","0.5606936416184971"
"1117","0.5606936416184971","0.5606936416184971","0.5606936416184971"
"1119","0.5606936416184971","0.5606936416184971","0.5606936416184971"
"1121","0.5664739884393064","0.5664739884393064","0.5664739884393064"
"1123","0.5664739884393064","0.5664739884393064","0.5664739884393064"
"1125","0.5664739884393064","0.5664739884393064","0.5664739884393064"
"1127","0.5606936416184971","0.5606936416184971","0.5606936416184971"
"1129","0.5606936416184971","0.5606936416184971","0.5606936416184971"
"1131","0.5664739884393064","0.5664739884393064","0.5664739884393064"
"1133","0.5664739884393064","0.5664739884393064","0.5664739884393064"
"1135","0.5664739884393064","0.5664739884393064","0.5664739884393064"
"1137","0.5664739884393064","0.5664739884393064","0.5664739884393064"
"1139","0.5664739884393064","0.5664739884393064","0.5664739884393064"
"1141","0.5664739884393064","0.5664739884393064","0.5664739884393064"
"1143","0.5664739884393064","0.5664739884393064","0.5664739884393064"
"1145","0.5664739884393064","0.5664739884393064","0.5664739884393064"
"1147","0.5664739884393064","0.5664739884393064","0.5664739884393064"
"1149","0.5722543352601156","0.5722543352601156","0.5722543352601156"
"1151","0.5722543352601156","0.5722543352601156","0.5722543352601156"
"1153","0.5722543352601156","0.5722543352601156","0.5722543352601156"
"1155","0.5722543352601156","0.5722543352601156","0.5722543352601156"
"1157","0.5722543352601156","0.5722543352601156","0.5722543352601156"
"1159","0.5722543352601156","0.5722543352601156","0.5722543352601156"
"1161","0.5722543352601156","0.5722543352601156","0.5722543352601156"
"1163","0.5664739884393064","0.5664739884393064","0.5664739884393064"
"1165","0.5664739884393064","0.5664739884393064","0.5664739884393064"
"1167","0.5722543352601156","0.5722543352601156","0.5722543352601156"
"1169","0.5722543352601156","0.5722543352601156","0.5722543352601156"
"1171","0.5722543352601156","0.5722543352601156","0.5722543352601156"
"1173","0.5722543352601156","0.5722543352601156","0.5722543352601156"
"1175","0.5664739884393064","0.5664739884393064","0.5664739884393064"
"1177","0.5664739884393064","0.5664739884393064","0.5664739884393064"
"1179","0.5606936416184971","0.5606936416184971","0.5606936416184971"
"1181","0.5606936416184971","0.5606936416184971","0.5606936416184971"
"1183","0.5606936416184971","0.5606936416184971","0.5606936416184971"
"1185","0.5606936416184971","0.5606936416184971","0.5606936416184971"
"1187","0.5606936416184971","0.5606936416184971","0.5606936416184971"
"1189","0.5606936416184971","0.5606936416184971","0.5606936416184971"
"1191","0.5606936416184971","0.5606936416184971","0.5606936416184971"
"1193","0.5606936416184971","0.5606936416184971","0.5606936416184971"
"1195","0.5433526011560693","0.5433526011560693","0.5433526011560693"
"1197","0.5433526011560693","0.5433526011560693","0.5433526011560693"
"1199","0.5491329479768786","0.5491329479768786","0.5491329479768786"
"1201","0.5375722543352601","0.5375722543352601","0.5375722543352601"
"1203","0.5491329479768786","0.5491329479768786","0.5491329479768786"
"1205","0.5606936416184971","0.5606936416184971","0.5606936416184971"
"1207","0.5606936416184971","0.5606936416184971","0.5606936416184971"
"1209","0.5606936416184971","0.5606936416184971","0.5606936416184971"
"1211","0.5606936416184971","0.5606936416184971","0.5606936416184971"
"1213","0.5606936416184971","0.5606936416184971","0.5606936416184971"
"1215","0.5491329479768786","0.5491329479768786","0.5491329479768786"
"1217","0.5433526011560693","0.5433526011560693","0.5433526011560693"
"1219","0.5433526011560693","0.5433526011560693","0.5433526011560693"
"1221","0.5491329479768786","0.5491329479768786","0.5491329479768786"
"1223","0.5433526011560693","0.5433526011560693","0.5433526011560693"
"1225","0.5433526011560693","0.5433526011560693","0.5433526011560693"
"1227","0.5433526011560693","0.5433526011560693","0.5433526011560693"
"1229","0.5433526011560693","0.5433526011560693","0.5433526011560693"
"1231","0.5433526011560693","0.5433526011560693","0.5433526011560693"
"1233","0.5491329479768786","0.5491329479768786","0.5491329479768786"
"1235","0.5433526011560693","0.5433526011560693","0.5433526011560693"
"1237","0.5375722543352601","0.5375722543352601","0.5375722543352601"
"1239","0.5260115606936416","0.5260115606936416","0.5260115606936416"
"1241","0.5260115606936416","0.5260115606936416","0.5260115606936416"
"1243","0.5260115606936416","0.5260115606936416","0.5260115606936416"
"1245","0.5260115606936416","0.5260115606936416","0.5260115606936416"
"1247","0.5317919075144508","0.5317919075144508","0.5317919075144508"
"1249","0.5260115606936416","0.5260115606936416","0.5260115606936416"
"1251","0.5260115606936416","0.5260115606936416","0.5260115606936416"
"1253","0.5260115606936416","0.5260115606936416","0.5260115606936416"
"1255","0.5317919075144508","0.5317919075144508","0.5317919075144508"
"1257","0.5260115606936416","0.5260115606936416","0.5260115606936416"
"1259","0.5317919075144508","0.5317919075144508","0.5317919075144508"
"1261","0.5317919075144508","0.5317919075144508","0.5317919075144508"
"1263","0.5260115606936416","0.5260115606936416","0.5260115606936416"
"1265","0.5202312138728323","0.5202312138728323","0.5202312138728323"
"1267","0.5317919075144508","0.5317919075144508","0.5317919075144508"
"1269","0.5549132947976878","0.5549132947976878","0.5549132947976878"
"1271","0.5664739884393064","0.5664739884393064","0.5664739884393064"
"1273","0.5664739884393064","0.5664739884393064","0.5664739884393064"
"1275","0.5664739884393064","0.5664739884393064","0.5664739884393064"
"1277","0.5664739884393064","0.5664739884393064","0.5664739884393064"
"1279","0.5664739884393064","0.5664739884393064","0.5664739884393064"
"1281","0.5664739884393064","0.5664739884393064","0.5664739884393064"
"1283","0.5664739884393064","0.5664739884393064","0.5664739884393064"
"1285","0.5664739884393064","0.5664739884393064","0.5664739884393064"
"1287","0.5491329479768786","0.5491329479768786","0.5491329479768786"
"1289","0.5433526011560693","0.5433526011560693","0.5433526011560693"
"1291","0.5433526011560693","0.5433526011560693","0.5433526011560693"
"1293","0.5433526011560693","0.5433526011560693","0.5433526011560693"
"1295","0.5491329479768786","0.5491329479768786","0.5491329479768786"
"1297","0.5491329479768786","0.5491329479768786","0.5491329479768786"
"1299","0.5491329479768786","0.5491329479768786","0.5491329479768786"
"1301","0.5433526011560693","0.5433526011560693","0.5433526011560693"
"1303","0.5375722543352601","0.5375722543352601","0.5375722543352601"
"1305","0.5375722543352601","0.5375722543352601","0.5375722543352601"
"1307","0.5375722543352601","0.5375722543352601","0.5375722543352601"
"1309","0.5375722543352601","0.5375722543352601","0.5375722543352601"
"1311","0.5375722543352601","0.5375722543352601","0.5375722543352601"
"1313","0.5375722543352601","0.5375722543352601","0.5375722543352601"
"1315","0.5491329479768786","0.5491329479768786","0.5491329479768786"
"1317","0.5491329479768786","0.5491329479768786","0.5491329479768786"
"1319","0.5491329479768786","0.5491329479768786","0.5491329479768786"
"1321","0.5491329479768786","0.5491329479768786","0.5491329479768786"
"1323","0.5491329479768786","0.5491329479768786","0.5491329479768786"
"1325","0.5491329479768786","0.5491329479768786","0.5491329479768786"
"1327","0.5433526011560693","0.5433526011560693","0.5433526011560693"
"1329","0.5491329479768786","0.5491329479768786","0.5491329479768786"
"1331","0.5491329479768786","0.5491329479768786","0.5491329479768786"
"1333","0.5433526011560693","0.5433526011560693","0.5433526011560693"
"1335","0.5433526011560693","0.5433526011560693","0.5433526011560693"
"1337","0.5433526011560693","0.5433526011560693","0.5433526011560693"
"1339","0.5433526011560693","0.5433526011560693","0.5433526011560693"
"1341","0.5433526011560693","0.5433526011560693","0.5433526011560693"
"1343","0.5433526011560693","0.5433526011560693","0.5433526011560693"
"1345","0.5433526011560693","0.5433526011560693","0.5433526011560693"
"1347","0.5433526011560693","0.5433526011560693","0.5433526011560693"
"1349","0.5433526011560693","0.5433526011560693","0.5433526011560693"
"1351","0.5433526011560693","0.5433526011560693","0.5433526011560693"
"1353","0.5433526011560693","0.5433526011560693","0.5433526011560693"
"1355","0.5491329479768786","0.5491329479768786","0.5491329479768786"
"1357","0.5491329479768786","0.5491329479768786","0.5491329479768786"
"1359","0.5433526011560693","0.5433526011560693","0.5433526011560693"
"1361","0.5433526011560693","0.5433526011560693","0.5433526011560693"
"1363","0.5433526011560693","0.5433526011560693","0.5433526011560693"
"1365","0.5433526011560693","0.5433526011560693","0.5433526011560693"
"1367","0.5433526011560693","0.5433526011560693","0.5433526011560693"
"1369","0.5433526011560693","0.5433526011560693","0.5433526011560693"
"1371","0.5491329479768786","0.5491329479768786","0.5491329479768786"
"1373","0.5375722543352601","0.5375722543352601","0.5375722543352601"
"1375","0.5375722543352601","0.5375722543352601","0.5375722543352601"
"1377","0.5375722543352601","0.5375722543352601","0.5375722543352601"
"1379","0.5375722543352601","0.5375722543352601","0.5375722543352601"
"1381","0.5375722543352601","0.5375722543352601","0.5375722543352601"
"1383","0.5375722543352601","0.5375722543352601","0.5375722543352601"
"1385","0.5375722543352601","0.5375722543352601","0.5375722543352601"
"1387","0.5375722543352601","0.5375722543352601","0.5375722543352601"
"1389","0.5317919075144508","0.5317919075144508","0.5317919075144508"
"1391","0.5317919075144508","0.5317919075144508","0.5317919075144508"
"1393","0.5375722543352601","0.5375722543352601","0.5375722543352601"
"1395","0.5375722543352601","0.5375722543352601","0.5375722543352601"
"1397","0.5317919075144508","0.5317919075144508","0.5317919075144508"
"1399","0.5317919075144508","0.5317919075144508","0.5317919075144508"
"1401","0.5317919075144508","0.5317919075144508","0.5317919075144508"
"1403","0.5317919075144508","0.5317919075144508","0.5317919075144508"
"1405","0.5260115606936416","0.5260115606936416","0.5260115606936416"
"1407","0.5317919075144508","0.5317919075144508","0.5317919075144508"
"1409","0.5317919075144508","0.5317919075144508","0.5317919075144508"
"1411","0.5317919075144508","0.5317919075144508","0.5317919075144508"
"1413","0.5317919075144508","0.5317919075144508","0.5317919075144508"
"1415","0.5317919075144508","0.5317919075144508","0.5317919075144508"
"1417","0.5317919075144508","0.5317919075144508","0.5317919075144508"
"1419","0.5375722543352601","0.5375722543352601","0.5375722543352601"
"1421","0.5433526011560693","0.5433526011560693","0.5433526011560693"
"1423","0.5433526011560693","0.5433526011560693","0.5433526011560693"
"1425","0.5433526011560693","0.5433526011560693","0.5433526011560693"
"1427","0.5433526011560693","0.5433526011560693","0.5433526011560693"
"1429","0.5433526011560693","0.5433526011560693","0.5433526011560693"
"1431","0.5433526011560693","0.5433526011560693","0.5433526011560693"
"1433","0.5433526011560693","0.5433526011560693","0.5433526011560693"
"1435","0.5433526011560693","0.5433526011560693","0.5433526011560693"
"1437","0.5433526011560693","0.5433526011560693","0.5433526011560693"
"1439","0.5375722543352601","0.5375722543352601","0.5375722543352601"
"1441","0.5375722543352601","0.5375722543352601","0.5375722543352601"
"1443","0.5375722543352601","0.5375722543352601","0.5375722543352601"
"1445","0.5375722543352601","0.5375722543352601","0.5375722543352601"
"1447","0.5375722543352601","0.5375722543352601","0.5375722543352601"
"1449","0.5375722543352601","0.5375722543352601","0.5375722543352601"
"1451","0.5375722543352601","0.5375722543352601","0.5375722543352601"
"1453","0.5375722543352601","0.5375722543352601","0.5375722543352601"
"1455","0.5375722543352601","0.5375722543352601","0.5375722543352601"
"1457","0.5375722543352601","0.5375722543352601","0.5375722543352601"
"1459","0.5375722543352601","0.5375722543352601","0.5375722543352601"
"1461","0.5433526011560693","0.5433526011560693","0.5433526011560693"
"1463","0.5433526011560693","0.5433526011560693","0.5433526011560693"
"1465","0.5433526011560693","0.5433526011560693","0.5433526011560693"
"1467","0.5433526011560693","0.5433526011560693","0.5433526011560693"
"1469","0.5491329479768786","0.5491329479768786","0.5491329479768786"
"1471","0.5491329479768786","0.5491329479768786","0.5491329479768786"
"1473","0.5491329479768786","0.5491329479768786","0.5491329479768786"
"1475","0.5549132947976878","0.5549132947976878","0.5549132947976878"
"1477","0.5549132947976878","0.5549132947976878","0.5549132947976878"
"1479","0.5491329479768786","0.5491329479768786","0.5491329479768786"
"1481","0.5491329479768786","0.5491329479768786","0.5491329479768786"
"1483","0.5491329479768786","0.5491329479768786","0.5491329479768786"
"1485","0.5491329479768786","0.5491329479768786","0.5491329479768786"
"1487","0.5491329479768786","0.5491329479768786","0.5491329479768786"
"1489","0.5433526011560693","0.5433526011560693","0.5433526011560693"
"1491","0.5433526011560693","0.5433526011560693","0.5433526011560693"
"1493","0.5433526011560693","0.5433526011560693","0.5433526011560693"
"1495","0.5433526011560693","0.5433526011560693","0.5433526011560693"
"1497","0.5433526011560693","0.5433526011560693","0.5433526011560693"
"1499","0.5491329479768786","0.5491329479768786","0.5491329479768786"
"1501","0.5491329479768786","0.5491329479768786","0.5491329479768786"
"1503","0.5491329479768786","0.5491329479768786","0.5491329479768786"
"1505","0.5491329479768786","0.5491329479768786","0.5491329479768786"
"1507","0.5491329479768786","0.5491329479768786","0.5491329479768786"
"1509","0.5491329479768786","0.5491329479768786","0.5491329479768786"
"1511","0.5491329479768786","0.5491329479768786","0.5491329479768786"
"1513","0.5491329479768786","0.5491329479768786","0.5491329479768786"
"1515","0.5491329479768786","0.5491329479768786","0.5491329479768786"
"1517","0.5491329479768786","0.5491329479768786","0.5491329479768786"
"1519","0.5491329479768786","0.5491329479768786","0.5491329479768786"
"1521","0.5491329479768786","0.5491329479768786","0.5491329479768786"
"1523","0.5491329479768786","0.5491329479768786","0.5491329479768786"
"1525","0.5491329479768786","0.5491329479768786","0.5491329479768786"
"1527","0.5433526011560693","0.5433526011560693","0.5433526011560693"
"1529","0.5433526011560693","0.5433526011560693","0.5433526011560693"
"1531","0.5433526011560693","0.5433526011560693","0.5433526011560693"
"1533","0.5491329479768786","0.5491329479768786","0.5491329479768786"
"1535","0.5491329479768786","0.5491329479768786","0.5491329479768786"
"1537","0.5491329479768786","0.5491329479768786","0.5491329479768786"
"1539","0.5491329479768786","0.5491329479768786","0.5491329479768786"
"1541","0.5491329479768786","0.5491329479768786","0.5491329479768786"
"1543","0.5549132947976878","0.5549132947976878","0.5549132947976878"
"1545","0.5549132947976878","0.5549132947976878","0.5549132947976878"
"1547","0.5549132947976878","0.5549132947976878","0.5549132947976878"
"1549","0.5549132947976878","0.5549132947976878","0.5549132947976878"
"1551","0.5491329479768786","0.5491329479768786","0.5491329479768786"
"1553","0.5491329479768786","0.5491329479768786","0.5491329479768786"
"1555","0.5491329479768786","0.5491329479768786","0.5491329479768786"
"1557","0.5491329479768786","0.5491329479768786","0.5491329479768786"
"1559","0.5491329479768786","0.5491329479768786","0.5491329479768786"
"1561","0.5491329479768786","0.5491329479768786","0.5491329479768786"
"1563","0.5491329479768786","0.5491329479768786","0.5491329479768786"
"1565","0.5491329479768786","0.5491329479768786","0.5491329479768786"
"1567","0.5491329479768786","0.5491329479768786","0.5491329479768786"
"1569","0.5491329479768786","0.5491329479768786","0.5491329479768786"
"1571","0.5491329479768786","0.5491329479768786","0.5491329479768786"
"1573","0.5491329479768786","0.5491329479768786","0.5491329479768786"
"1575","0.5491329479768786","0.5491329479768786","0.5491329479768786"
"1577","0.5491329479768786","0.5491329479768786","0.5491329479768786"
"1579","0.5491329479768786","0.5491329479768786","0.5491329479768786"
"1581","0.5491329479768786","0.5491329479768786","0.5491329479768786"
"1583","0.5491329479768786","0.5491329479768786","0.5491329479768786"
"1585","0.5491329479768786","0.5491329479768786","0.5491329479768786"
"1587","0.5491329479768786","0.5491329479768786","0.5491329479768786"
"1589","0.5491329479768786","0.5491329479768786","0.5491329479768786"
"1591","0.5491329479768786","0.5491329479768786","0.5491329479768786"
"1593","0.5491329479768786","0.5491329479768786","0.5491329479768786"
"1595","0.5491329479768786","0.5491329479768786","0.5491329479768786"
"1597","0.5491329479768786","0.5491329479768786","0.5491329479768786"
"1599","0.5491329479768786","0.5491329479768786","0.5491329479768786"
"1601","0.5491329479768786","0.5491329479768786","0.5491329479768786"
"1603","0.5491329479768786","0.5491329479768786","0.5491329479768786"
"1605","0.5491329479768786","0.5491329479768786","0.5491329479768786"
"1607","0.5491329479768786","0.5491329479768786","0.5491329479768786"
"1609","0.5491329479768786","0.5491329479768786","0.5491329479768786"
"1611","0.5491329479768786","0.5491329479768786","0.5491329479768786"
"1613","0.5491329479768786","0.5491329479768786","0.5491329479768786"
"1615","0.5491329479768786","0.5491329479768786","0.5491329479768786"
"1617","0.5491329479768786","0.5491329479768786","0.5491329479768786"
"1619","0.5491329479768786","0.5491329479768786","0.5491329479768786"
"1621","0.5491329479768786","0.5491329479768786","0.5491329479768786"
"1623","0.5491329479768786","0.5491329479768786","0.5491329479768786"
"1625","0.5491329479768786","0.5491329479768786","0.5491329479768786"
"1627","0.5491329479768786","0.5491329479768786","0.5491329479768786"
"1629","0.5491329479768786","0.5491329479768786","0.5491329479768786"
"1631","0.5491329479768786","0.5491329479768786","0.5491329479768786"
"1633","0.5491329479768786","0.5491329479768786","0.5491329479768786"
"1635","0.5491329479768786","0.5491329479768786","0.5491329479768786"
"1637","0.5491329479768786","0.5491329479768786","0.5491329479768786"
"1639","0.5491329479768786","0.5491329479768786","0.5491329479768786"
"1641","0.5491329479768786","0.5491329479768786","0.5491329479768786"
"1643","0.5491329479768786","0.5491329479768786","0.5491329479768786"
"1645","0.5491329479768786","0.5491329479768786","0.5491329479768786"
"1647","0.5491329479768786","0.5491329479768786","0.5491329479768786"
"1649","0.5491329479768786","0.5491329479768786","0.5491329479768786"
"1651","0.5491329479768786","0.5491329479768786","0.5491329479768786"
"1653","0.5491329479768786","0.5491329479768786","0.5491329479768786"
"1655","0.5491329479768786","0.5491329479768786","0.5491329479768786"
"1657","0.5491329479768786","0.5491329479768786","0.5491329479768786"
"1659","0.5491329479768786","0.5491329479768786","0.5491329479768786"
"1661","0.5491329479768786","0.5491329479768786","0.5491329479768786"
"1663","0.5491329479768786","0.5491329479768786","0.5491329479768786"
"1665","0.5491329479768786","0.5491329479768786","0.5491329479768786"
"1667","0.5491329479768786","0.5491329479768786","0.5491329479768786"
"1669","0.5491329479768786","0.5491329479768786","0.5491329479768786"
"1671","0.5491329479768786","0.5491329479768786","0.5491329479768786"
"1673","0.5491329479768786","0.5491329479768786","0.5491329479768786"
"1675","0.5491329479768786","0.5491329479768786","0.5491329479768786"
"1677","0.5491329479768786","0.5491329479768786","0.5491329479768786"
"1679","0.5491329479768786","0.5491329479768786","0.5491329479768786"
"1681","0.5491329479768786","0.5491329479768786","0.5491329479768786"
"1683","0.5491329479768786","0.5491329479768786","0.5491329479768786"
"1685","0.5491329479768786","0.5491329479768786","0.5491329479768786"
"1687","0.5491329479768786","0.5491329479768786","0.5491329479768786"
"1689","0.5491329479768786","0.5491329479768786","0.5491329479768786"
"1691","0.5491329479768786","0.5491329479768786","0.5491329479768786"
"1693","0.5491329479768786","0.5491329479768786","0.5491329479768786"
"1695","0.5491329479768786","0.5491329479768786","0.5491329479768786"
"1697","0.5491329479768786","0.5491329479768786","0.5491329479768786"
"1699","0.5491329479768786","0.5491329479768786","0.5491329479768786"
"1701","0.5491329479768786","0.5491329479768786","0.5491329479768786"
"1703","0.5491329479768786","0.5491329479768786","0.5491329479768786"
"1705","0.5491329479768786","0.5491329479768786","0.5491329479768786"
"1707","0.5491329479768786","0.5491329479768786","0.5491329479768786"
"1709","0.5491329479768786","0.5491329479768786","0.5491329479768786"
"1711","0.5491329479768786","0.5491329479768786","0.5491329479768786"
"1713","0.5491329479768786","0.5491329479768786","0.5491329479768786"
"1715","0.5491329479768786","0.5491329479768786","0.5491329479768786"
"1717","0.5491329479768786","0.5491329479768786","0.5491329479768786"
"1719","0.5491329479768786","0.5491329479768786","0.5491329479768786"
"1721","0.5491329479768786","0.5491329479768786","0.5491329479768786"
"1723","0.5491329479768786","0.5491329479768786","0.5491329479768786"
"1725","0.5491329479768786","0.5491329479768786","0.5491329479768786"
"1727","0.5491329479768786","0.5491329479768786","0.5491329479768786"
"1729","0.5491329479768786","0.5491329479768786","0.5491329479768786"
"1731","0.5491329479768786","0.5491329479768786","0.5491329479768786"
"1733","0.5491329479768786","0.5491329479768786","0.5491329479768786"
"1735","0.5491329479768786","0.5491329479768786","0.5491329479768786"
"1737","0.5491329479768786","0.5491329479768786","0.5491329479768786"
"1739","0.5491329479768786","0.5491329479768786","0.5491329479768786"
"1741","0.5491329479768786","0.5491329479768786","0.5491329479768786"
"1743","0.5491329479768786","0.5491329479768786","0.5491329479768786"
"1745","0.5491329479768786","0.5491329479768786","0.5491329479768786"
"1747","0.5491329479768786","0.5491329479768786","0.5491329479768786"
"1749","0.5491329479768786","0.5491329479768786","0.5491329479768786"
"1751","0.5491329479768786","0.5491329479768786","0.5491329479768786"
"1753","0.5491329479768786","0.5491329479768786","0.5491329479768786"
"1755","0.5491329479768786","0.5491329479768786","0.5491329479768786"
"1757","0.5491329479768786","0.5491329479768786","0.5491329479768786"
"1759","0.5491329479768786","0.5491329479768786","0.5491329479768786"
"1761","0.5491329479768786","0.5491329479768786","0.5491329479768786"
"1763","0.5491329479768786","0.5491329479768786","0.5491329479768786"
"1765","0.5491329479768786","0.5491329479768786","0.5491329479768786"
"1767","0.5491329479768786","0.5491329479768786","0.5491329479768786"
"1769","0.5491329479768786","0.5491329479768786","0.5491329479768786"
"1771","0.5491329479768786","0.5491329479768786","0.5491329479768786"
"1773","0.5491329479768786","0.5491329479768786","0.5491329479768786"
"1775","0.5491329479768786","0.5491329479768786","0.5491329479768786"
"1777","0.5491329479768786","0.5491329479768786","0.5491329479768786"
"1779","0.5491329479768786","0.5491329479768786","0.5491329479768786"
"1781","0.5491329479768786","0.5491329479768786","0.5491329479768786"
"1783","0.5491329479768786","0.5491329479768786","0.5491329479768786"
"1785","0.5491329479768786","0.5491329479768786","0.5491329479768786"
"1787","0.5491329479768786","0.5491329479768786","0.5491329479768786"
"1789","0.5491329479768786","0.5491329479768786","0.5491329479768786"
"1791","0.5491329479768786","0.5491329479768786","0.5491329479768786"
"1793","0.5491329479768786","0.5491329479768786","0.5491329479768786"
"1795","0.5491329479768786","0.5491329479768786","0.5491329479768786"
"1797","0.5491329479768786","0.5491329479768786","0.5491329479768786"
"1799","0.5491329479768786","0.5491329479768786","0.5491329479768786"